Time,State,Name,,,
2019/10/11,0,2_10_76_100_161,2019/10/11,0,0
2019/10/11 0:01,0,2_10_76_100_161,2019/10/11 0:01,0,0
2019/10/11 0:02,0,2_10_76_100_161,2019/10/11 0:02,0,0
2019/10/11 0:03,0,2_10_76_100_161,2019/10/11 0:03,0,0
2019/10/11 0:04,0,2_10_76_100_161,2019/10/11 0:04,0,0
2019/10/11 0:05,0,2_10_76_100_161,2019/10/11 0:05,0,0
2019/10/11 0:06,0,2_10_76_100_161,2019/10/11 0:06,0,0
2019/10/11 0:07,0,2_10_76_100_161,2019/10/11 0:07,0,0
2019/10/11 0:08,0,2_10_76_100_161,2019/10/11 0:08,0,0
2019/10/11 0:09,0,2_10_76_100_161,2019/10/11 0:09,0,0
2019/10/11 0:10,0,2_10_76_100_161,2019/10/11 0:10,0,0
2019/10/11 0:11,0,2_10_76_100_161,2019/10/11 0:11,0,0
2019/10/11 0:12,0,2_10_76_100_161,2019/10/11 0:12,0,0
2019/10/11 0:13,0,2_10_76_100_161,2019/10/11 0:13,0,0
2019/10/11 0:14,0,2_10_76_100_161,2019/10/11 0:14,0,0
2019/10/11 0:15,0,2_10_76_100_158,2019/10/11 0:15,0,0
2019/10/11 0:16,0,2_10_76_100_158,2019/10/11 0:16,0,0
2019/10/11 0:17,0,2_10_76_100_158,2019/10/11 0:17,0,0
2019/10/11 0:18,0,2_10_76_100_158,2019/10/11 0:18,0,0
2019/10/11 0:19,0,2_10_76_100_158,2019/10/11 0:19,0,0
2019/10/11 0:20,0,2_10_76_100_158,2019/10/11 0:20,0,0
2019/10/11 0:21,0,2_10_76_100_158,2019/10/11 0:21,0,0
2019/10/11 0:22,0,2_10_76_100_158,2019/10/11 0:22,0,0
2019/10/11 0:23,0,2_10_76_100_158,2019/10/11 0:23,0,0
2019/10/11 0:24,0,2_10_76_100_158,2019/10/11 0:24,0,0
2019/10/11 0:25,0,2_12_88_126_576,2019/10/11 0:25,0,0
2019/10/11 0:26,0,2_12_88_126_576,2019/10/11 0:26,0,0
2019/10/11 0:27,0,2_12_88_126_576,2019/10/11 0:27,0,0
2019/10/11 0:28,0,2_12_88_126_576,2019/10/11 0:28,0,0
2019/10/11 0:29,0,2_12_88_126_576,2019/10/11 0:29,0,0
2019/10/11 0:30,0,2_25_88_128_519,2019/10/11 0:30,0,0
2019/10/11 0:31,0,2_25_88_128_519,2019/10/11 0:31,0,0
2019/10/11 0:32,0,2_25_88_128_519,2019/10/11 0:32,0,0
2019/10/11 0:33,0,2_25_88_128_519,2019/10/11 0:33,0,0
2019/10/11 0:34,0,2_25_88_128_519,2019/10/11 0:34,0,0
2019/10/11 0:35,0,2_25_88_128_519,2019/10/11 0:35,0,0
2019/10/11 0:36,0,2_23,2019/10/11 0:36,0,0
2019/10/11 0:37,0,2_23,2019/10/11 0:37,0,0
2019/10/11 0:38,0,2_25_88_128_519,2019/10/11 0:38,0,0
2019/10/11 0:39,0,2_25_88_128_519,2019/10/11 0:39,0,0
2019/10/11 0:40,0,2_25_88_128_519,2019/10/11 0:40,0,0
2019/10/11 0:41,0,2_25_88_128_519,2019/10/11 0:41,0,0
2019/10/11 0:42,0,2_18,2019/10/11 0:42,0,0
2019/10/11 0:43,0,2_18,2019/10/11 0:43,0,0
2019/10/11 0:44,0,2_25_88_128_519,2019/10/11 0:44,0,0
2019/10/11 0:45,0,2_18,2019/10/11 0:45,0,0
2019/10/11 0:46,0,2_25_88_128_523,2019/10/11 0:46,0,0
2019/10/11 0:47,0,2_18,2019/10/11 0:47,0,0
2019/10/11 0:48,0,2_25_88_128_523,2019/10/11 0:48,0,0
2019/10/11 0:49,0,2_25_88_128_523,2019/10/11 0:49,0,0
2019/10/11 0:50,0,2_25_88_128_523,2019/10/11 0:50,0,0
2019/10/11 0:51,0,2_25_88_128_523,2019/10/11 0:51,0,0
2019/10/11 0:52,0,2_25_88_128_523,2019/10/11 0:52,0,0
2019/10/11 0:53,0,2_18,2019/10/11 0:53,0,0
2019/10/11 0:54,0,2_18,2019/10/11 0:54,0,0
2019/10/11 0:55,0,2_25_88_128_523,2019/10/11 0:55,0,0
2019/10/11 0:56,0,2_18,2019/10/11 0:56,0,0
2019/10/11 0:57,0,2_25_88_128_523,2019/10/11 0:57,0,0
2019/10/11 0:58,0,2_18,2019/10/11 0:58,0,0
2019/10/11 0:59,0,2_16_76_104_354,2019/10/11 0:59,0,0
2019/10/11 1:00,0,2_18,2019/10/11 1:00,0,0
2019/10/11 1:01,0,2_16_78_104_354,2019/10/11 1:01,0,0
2019/10/11 1:02,0,2_16_78_104_354,2019/10/11 1:02,0,0
2019/10/11 1:03,0,2_16_78_104_354,2019/10/11 1:03,0,0
2019/10/11 1:04,0,2_16_78_104_354,2019/10/11 1:04,0,0
2019/10/11 1:05,0,2_16_78_104_352,2019/10/11 1:05,0,0
2019/10/11 1:06,0,2_18,2019/10/11 1:06,0,0
2019/10/11 1:07,0,2_18,2019/10/11 1:07,0,0
2019/10/11 1:08,0,2_25_90_128_521,2019/10/11 1:08,0,0
2019/10/11 1:09,0,2_16_78_104_352,2019/10/11 1:09,0,0
2019/10/11 1:10,0,2_16_78_104_352,2019/10/11 1:10,0,0
2019/10/11 1:11,0,2_25_90_128_521,2019/10/11 1:11,0,0
2019/10/11 1:12,0,2_25_90_128_521,2019/10/11 1:12,0,0
2019/10/11 1:13,0,2_18,2019/10/11 1:13,0,0
2019/10/11 1:14,0,2_18,2019/10/11 1:14,0,0
2019/10/11 1:15,0,2_12_90_128_523,2019/10/11 1:15,0,0
2019/10/11 1:16,0,2_12_90_128_523,2019/10/11 1:16,0,0
2019/10/11 1:17,0,2_12_90_128_523,2019/10/11 1:17,0,0
2019/10/11 1:18,0,2_12_90_128_523,2019/10/11 1:18,0,0
2019/10/11 1:19,0,2_12_90_128_523,2019/10/11 1:19,0,0
2019/10/11 1:20,0,2_12_90_128_523,2019/10/11 1:20,0,0
2019/10/11 1:21,0,2_12_90_128_523,2019/10/11 1:21,0,0
2019/10/11 1:22,0,2_12_90_128_523,2019/10/11 1:22,0,0
2019/10/11 1:23,0,2_12_90_128_523,2019/10/11 1:23,0,0
2019/10/11 1:24,0,2_12_90_128_523,2019/10/11 1:24,0,0
2019/10/11 1:25,0,2_10_78_104_354,2019/10/11 1:25,0,0
2019/10/11 1:26,0,2_10_78_104_354,2019/10/11 1:26,0,0
2019/10/11 1:27,0,2_10_78_104_354,2019/10/11 1:27,0,0
2019/10/11 1:28,0,2_10_78_104_354,2019/10/11 1:28,0,0
2019/10/11 1:29,0,2_10_78_104_354,2019/10/11 1:29,0,0
2019/10/11 1:30,0,2_10_78_104_246,2019/10/11 1:30,0,0
2019/10/11 1:31,0,2_10_78_104_246,2019/10/11 1:31,0,0
2019/10/11 1:32,0,2_10_78_104_246,2019/10/11 1:32,0,0
2019/10/11 1:33,0,2_10_78_104_246,2019/10/11 1:33,0,0
2019/10/11 1:34,0,2_10_78_104_246,2019/10/11 1:34,0,0
2019/10/11 1:35,0,2_10_78_104_246,2019/10/11 1:35,0,0
2019/10/11 1:36,0,2_10_78_104_246,2019/10/11 1:36,0,0
2019/10/11 1:37,0,2_10_78_104_246,2019/10/11 1:37,0,0
2019/10/11 1:38,0,2_10_78_104_246,2019/10/11 1:38,0,0
2019/10/11 1:39,0,2_10_78_104_246,2019/10/11 1:39,0,0
2019/10/11 1:40,0,2_10_78_104_246,2019/10/11 1:40,0,0
2019/10/11 1:41,0,2_10_78_104_246,2019/10/11 1:41,0,0
2019/10/11 1:42,0,2_10_78_104_246,2019/10/11 1:42,0,0
2019/10/11 1:43,0,2_10_78_104_246,2019/10/11 1:43,0,0
2019/10/11 1:44,0,2_10_78_104_246,2019/10/11 1:44,0,0
2019/10/11 1:45,0,2_10_78_104_256,2019/10/11 1:45,0,0
2019/10/11 1:46,0,2_10_78_104_256,2019/10/11 1:46,0,0
2019/10/11 1:47,0,2_10_78_104_256,2019/10/11 1:47,0,0
2019/10/11 1:48,0,2_10_78_104_256,2019/10/11 1:48,0,0
2019/10/11 1:49,0,2_10_78_104_256,2019/10/11 1:49,0,0
2019/10/11 1:50,0,2_12_90_128_591,2019/10/11 1:50,0,0
2019/10/11 1:51,0,2_12_90_128_591,2019/10/11 1:51,0,0
2019/10/11 1:52,0,2_12_90_128_591,2019/10/11 1:52,0,0
2019/10/11 1:53,0,2_12_90_128_591,2019/10/11 1:53,0,0
2019/10/11 1:54,0,2_12_90_128_591,2019/10/11 1:54,0,0
2019/10/11 1:55,0,2_12_90_128_591,2019/10/11 1:55,0,0
2019/10/11 1:56,0,2_12_90_128_591,2019/10/11 1:56,0,0
2019/10/11 1:57,0,2_12_90_128_591,2019/10/11 1:57,0,0
2019/10/11 1:58,0,2_12_90_128_591,2019/10/11 1:58,0,0
2019/10/11 1:59,0,2_12_90_128_591,2019/10/11 1:59,0,0
2019/10/11 2:00,0,2_10_76_100_171,2019/10/11 2:00,0,0
2019/10/11 2:01,0,2_10_76_100_171,2019/10/11 2:01,0,0
2019/10/11 2:02,0,2_10_76_100_171,2019/10/11 2:02,0,0
2019/10/11 2:03,0,2_10_76_100_171,2019/10/11 2:03,0,0
2019/10/11 2:04,0,2_10_76_100_171,2019/10/11 2:04,0,0
2019/10/11 2:05,0,2_10_76_100_171,2019/10/11 2:05,0,0
2019/10/11 2:06,0,2_10_76_100_171,2019/10/11 2:06,0,0
2019/10/11 2:07,0,2_10_76_100_171,2019/10/11 2:07,0,0
2019/10/11 2:08,0,2_10_76_100_171,2019/10/11 2:08,0,0
2019/10/11 2:09,0,2_10_76_100_171,2019/10/11 2:09,0,0
2019/10/11 2:10,0,2_12_88_126_591,2019/10/11 2:10,0,0
2019/10/11 2:11,0,2_12_88_126_591,2019/10/11 2:11,0,0
2019/10/11 2:12,0,2_12_88_126_591,2019/10/11 2:12,0,0
2019/10/11 2:13,0,2_12_88_126_591,2019/10/11 2:13,0,0
2019/10/11 2:14,0,2_12_88_126_591,2019/10/11 2:14,0,0
2019/10/11 2:15,0,2_10_76_100_171,2019/10/11 2:15,0,0
2019/10/11 2:16,0,2_10_76_100_171,2019/10/11 2:16,0,0
2019/10/11 2:17,0,2_10_76_100_171,2019/10/11 2:17,0,0
2019/10/11 2:18,0,2_10_76_100_171,2019/10/11 2:18,0,0
2019/10/11 2:19,0,2_10_76_100_171,2019/10/11 2:19,0,0
2019/10/11 2:20,0,2_10_76_100_171,2019/10/11 2:20,0,0
2019/10/11 2:21,0,2_10_76_100_171,2019/10/11 2:21,0,0
2019/10/11 2:22,0,2_10_76_100_171,2019/10/11 2:22,0,0
2019/10/11 2:23,0,2_10_76_100_171,2019/10/11 2:23,0,0
2019/10/11 2:24,0,2_10_76_100_171,2019/10/11 2:24,0,0
2019/10/11 2:25,0,2_12_88_126_591,2019/10/11 2:25,0,0
2019/10/11 2:26,0,2_12_88_126_591,2019/10/11 2:26,0,0
2019/10/11 2:27,0,2_12_88_126_591,2019/10/11 2:27,0,0
2019/10/11 2:28,0,2_12_88_126_591,2019/10/11 2:28,0,0
2019/10/11 2:29,0,2_12_88_126_591,2019/10/11 2:29,0,0
2019/10/11 2:30,2,2_12_90_128_514,2019/10/11 2:30,2,2
2019/10/11 2:31,2,2_12_90_128_514,2019/10/11 2:31,2,2
2019/10/11 2:32,2,2_12_90_128_514,2019/10/11 2:32,2,2
2019/10/11 2:33,2,2_12_90_128_514,2019/10/11 2:33,2,2
2019/10/11 2:34,2,2_12_90_128_514,2019/10/11 2:34,2,2
2019/10/11 2:35,2,2_12_90_128_514,2019/10/11 2:35,2,2
2019/10/11 2:36,2,2_12_90_128_514,2019/10/11 2:36,2,2
2019/10/11 2:37,2,2_12_90_128_514,2019/10/11 2:37,2,2
2019/10/11 2:38,2,2_12_90_128_514,2019/10/11 2:38,2,2
2019/10/11 2:39,2,2_12_90_128_514,2019/10/11 2:39,2,2
2019/10/11 2:40,2,2_12_90_128_514,2019/10/11 2:40,2,2
2019/10/11 2:41,2,2_12_90_128_514,2019/10/11 2:41,2,2
2019/10/11 2:42,2,2_12_90_128_514,2019/10/11 2:42,2,2
2019/10/11 2:43,2,2_12_90_128_514,2019/10/11 2:43,2,2
2019/10/11 2:44,2,2_12_90_128_514,2019/10/11 2:44,2,2
2019/10/11 2:45,2,2_12_90_128_514,2019/10/11 2:45,2,2
2019/10/11 2:46,2,2_12_90_128_514,2019/10/11 2:46,2,2
2019/10/11 2:47,2,2_12_90_128_514,2019/10/11 2:47,2,2
2019/10/11 2:48,2,2_12_90_128_514,2019/10/11 2:48,2,2
2019/10/11 2:49,2,2_12_90_128_514,2019/10/11 2:49,2,2
2019/10/11 2:50,2,2_12_90_128_514,2019/10/11 2:50,2,2
2019/10/11 2:51,2,2_12_90_128_514,2019/10/11 2:51,2,2
2019/10/11 2:52,2,2_12_90_128_514,2019/10/11 2:52,2,2
2019/10/11 2:53,2,2_12_90_128_514,2019/10/11 2:53,2,2
2019/10/11 2:54,2,2_12_90_128_514,2019/10/11 2:54,2,2
2019/10/11 2:55,2,2_12_90_128_514,2019/10/11 2:55,2,2
2019/10/11 2:56,2,2_12_90_128_514,2019/10/11 2:56,2,2
2019/10/11 2:57,2,2_12_90_128_514,2019/10/11 2:57,2,2
2019/10/11 2:58,2,2_12_90_128_514,2019/10/11 2:58,2,2
2019/10/11 2:59,2,2_12_90_128_514,2019/10/11 2:59,2,2
2019/10/11 3:00,2,2_10_78_104_345,2019/10/11 3:00,2,2
2019/10/11 3:01,2,2_10_78_104_345,2019/10/11 3:01,2,2
2019/10/11 3:02,2,2_10_78_104_345,2019/10/11 3:02,2,2
2019/10/11 3:03,2,2_10_78_104_345,2019/10/11 3:03,2,2
2019/10/11 3:04,2,2_10_78_104_345,2019/10/11 3:04,2,2
2019/10/11 3:05,0,2_12_90_128_523,2019/10/11 3:05,0,0
2019/10/11 3:06,0,2_12_90_128_523,2019/10/11 3:06,0,0
2019/10/11 3:07,0,2_12_90_128_523,2019/10/11 3:07,0,0
2019/10/11 3:08,0,2_12_90_128_523,2019/10/11 3:08,0,0
2019/10/11 3:09,0,2_12_90_128_523,2019/10/11 3:09,0,0
2019/10/11 3:10,0,2_10_78_104_354,2019/10/11 3:10,0,0
2019/10/11 3:11,0,2_10_78_104_354,2019/10/11 3:11,0,0
2019/10/11 3:12,0,2_10_78_104_354,2019/10/11 3:12,0,0
2019/10/11 3:13,0,2_10_78_104_354,2019/10/11 3:13,0,0
2019/10/11 3:14,0,2_10_78_104_354,2019/10/11 3:14,0,0
2019/10/11 3:15,0,2_10_78_104_256,2019/10/11 3:15,0,0
2019/10/11 3:16,0,2_10_78_104_256,2019/10/11 3:16,0,0
2019/10/11 3:17,0,2_10_78_104_256,2019/10/11 3:17,0,0
2019/10/11 3:18,0,2_10_78_104_256,2019/10/11 3:18,0,0
2019/10/11 3:19,0,2_10_78_104_256,2019/10/11 3:19,0,0
2019/10/11 3:20,0,2_10_78_104_256,2019/10/11 3:20,0,0
2019/10/11 3:21,0,2_10_78_104_256,2019/10/11 3:21,0,0
2019/10/11 3:22,0,2_10_78_104_256,2019/10/11 3:22,0,0
2019/10/11 3:23,0,2_10_78_104_256,2019/10/11 3:23,0,0
2019/10/11 3:24,0,2_10_78_104_256,2019/10/11 3:24,0,0
2019/10/11 3:25,0,2_12_90_128_591,2019/10/11 3:25,0,0
2019/10/11 3:26,0,2_12_90_128_591,2019/10/11 3:26,0,0
2019/10/11 3:27,0,2_12_90_128_591,2019/10/11 3:27,0,0
2019/10/11 3:28,0,2_12_90_128_591,2019/10/11 3:28,0,0
2019/10/11 3:29,0,2_12_90_128_591,2019/10/11 3:29,0,0
2019/10/11 3:30,0,2_25_90_128_523,2019/10/11 3:30,0,0
2019/10/11 3:31,0,2_25_90_128_523,2019/10/11 3:31,0,0
2019/10/11 3:32,0,2_25_90_128_523,2019/10/11 3:32,0,0
2019/10/11 3:33,0,2_18,2019/10/11 3:33,0,0
2019/10/11 3:34,0,2_18,2019/10/11 3:34,0,0
2019/10/11 3:35,0,2_16_78_104_354,2019/10/11 3:35,0,0
2019/10/11 3:36,0,2_23,2019/10/11 3:36,0,0
2019/10/11 3:37,0,2_25_90_128_523,2019/10/11 3:37,0,0
2019/10/11 3:38,0,2_25_90_128_523,2019/10/11 3:38,0,0
2019/10/11 3:39,0,2_25_90_128_523,2019/10/11 3:39,0,0
2019/10/11 3:40,0,2_25_90_128_523,2019/10/11 3:40,0,0
2019/10/11 3:41,0,2_18,2019/10/11 3:41,0,0
2019/10/11 3:42,0,2_18,2019/10/11 3:42,0,0
2019/10/11 3:43,0,2_25_90_128_523,2019/10/11 3:43,0,0
2019/10/11 3:44,0,2_25_90_128_523,2019/10/11 3:44,0,0
2019/10/11 3:45,0,2_25_90_128_523,2019/10/11 3:45,0,0
2019/10/11 3:46,0,2_18,2019/10/11 3:46,0,0
2019/10/11 3:47,0,2_25_90_128_523,2019/10/11 3:47,0,0
2019/10/11 3:48,0,2_18,2019/10/11 3:48,0,0
2019/10/11 3:49,0,2_16_78_104_354,2019/10/11 3:49,0,0
2019/10/11 3:50,0,2_18,2019/10/11 3:50,0,0
2019/10/11 3:51,1,2_4_33,2019/10/11 3:51,0,1
2019/10/11 3:52,0,2_16_78_104_354,2019/10/11 3:52,0,0
2019/10/11 3:53,0,2_16_78_104_354,2019/10/11 3:53,0,0
2019/10/11 3:54,0,2_16_78_104_354,2019/10/11 3:54,0,0
2019/10/11 3:55,0,2_16_78_104_352,2019/10/11 3:55,0,0
2019/10/11 3:56,0,2_16_78_104_352,2019/10/11 3:56,0,0
2019/10/11 3:57,0,2_16_78_104_352,2019/10/11 3:57,0,0
2019/10/11 3:58,0,2_23,2019/10/11 3:58,0,0
2019/10/11 3:59,0,2_16_78_104_352,2019/10/11 3:59,0,0
2019/10/11 4:00,0,2_23,2019/10/11 4:00,0,0
2019/10/11 4:01,0,2_23,2019/10/11 4:01,0,0
2019/10/11 4:02,0,2_16_76_100_145,2019/10/11 4:02,0,0
2019/10/11 4:03,0,2_16_76_100_145,2019/10/11 4:03,0,0
2019/10/11 4:04,0,2_23,2019/10/11 4:04,0,0
2019/10/11 4:05,0,2_23,2019/10/11 4:05,0,0
2019/10/11 4:06,0,2_23,2019/10/11 4:06,0,0
2019/10/11 4:07,0,2_16_76_100_145,2019/10/11 4:07,0,0
2019/10/11 4:08,0,2_16_76_100_145,2019/10/11 4:08,0,0
2019/10/11 4:09,0,2_23,2019/10/11 4:09,0,0
2019/10/11 4:10,0,2_23,2019/10/11 4:10,0,0
2019/10/11 4:11,0,2_23,2019/10/11 4:11,0,0
2019/10/11 4:12,0,2_23,2019/10/11 4:12,0,0
2019/10/11 4:13,0,2_25_88_126_565,2019/10/11 4:13,0,0
2019/10/11 4:14,0,2_23,2019/10/11 4:14,0,0
2019/10/11 4:15,0,2_25_88_126_578,2019/10/11 4:15,0,0
2019/10/11 4:16,0,2_23,2019/10/11 4:16,0,0
2019/10/11 4:17,0,2_16_76_100_158,2019/10/11 4:17,0,0
2019/10/11 4:18,0,2_23,2019/10/11 4:18,0,0
2019/10/11 4:19,0,2_16_76_100_158,2019/10/11 4:19,0,0
2019/10/11 4:20,0,2_23,2019/10/11 4:20,0,0
2019/10/11 4:21,0,2_23,2019/10/11 4:21,0,0
2019/10/11 4:22,0,2_23,2019/10/11 4:22,0,0
2019/10/11 4:23,0,2_23,2019/10/11 4:23,0,0
2019/10/11 4:24,0,2_23,2019/10/11 4:24,0,0
2019/10/11 4:25,0,2_16_76_100_158,2019/10/11 4:25,0,0
2019/10/11 4:26,0,2_16_76_100_158,2019/10/11 4:26,0,0
2019/10/11 4:27,0,2_16_76_100_158,2019/10/11 4:27,0,0
2019/10/11 4:28,0,2_23,2019/10/11 4:28,0,0
2019/10/11 4:29,0,2_23,2019/10/11 4:29,0,0
2019/10/11 4:30,0,2_10_76_100_158,2019/10/11 4:30,0,0
2019/10/11 4:31,0,2_10_76_100_158,2019/10/11 4:31,0,0
2019/10/11 4:32,0,2_10_76_100_158,2019/10/11 4:32,0,0
2019/10/11 4:33,0,2_10_76_100_158,2019/10/11 4:33,0,0
2019/10/11 4:34,0,2_10_76_100_158,2019/10/11 4:34,0,0
2019/10/11 4:35,0,2_10_76_100_158,2019/10/11 4:35,0,0
2019/10/11 4:36,0,2_10_76_100_158,2019/10/11 4:36,0,0
2019/10/11 4:37,0,2_10_76_100_158,2019/10/11 4:37,0,0
2019/10/11 4:38,0,2_10_76_100_158,2019/10/11 4:38,0,0
2019/10/11 4:39,0,2_10_76_100_158,2019/10/11 4:39,0,0
2019/10/11 4:40,0,2_12_88_126_578,2019/10/11 4:40,0,0
2019/10/11 4:41,0,2_12_88_126_578,2019/10/11 4:41,0,0
2019/10/11 4:42,0,2_12_88_126_578,2019/10/11 4:42,0,0
2019/10/11 4:43,0,2_12_88_126_578,2019/10/11 4:43,0,0
2019/10/11 4:44,0,2_12_88_126_578,2019/10/11 4:44,0,0
2019/10/11 4:45,0,2_12_88_126_576,2019/10/11 4:45,0,0
2019/10/11 4:46,0,2_12_88_126_576,2019/10/11 4:46,0,0
2019/10/11 4:47,0,2_12_88_126_576,2019/10/11 4:47,0,0
2019/10/11 4:48,0,2_12_88_126_576,2019/10/11 4:48,0,0
2019/10/11 4:49,0,2_12_88_126_576,2019/10/11 4:49,0,0
2019/10/11 4:50,0,2_12_88_126_576,2019/10/11 4:50,0,0
2019/10/11 4:51,0,2_12_88_126_576,2019/10/11 4:51,0,0
2019/10/11 4:52,0,2_12_88_126_576,2019/10/11 4:52,0,0
2019/10/11 4:53,0,2_12_88_126_576,2019/10/11 4:53,0,0
2019/10/11 4:54,0,2_12_88_126_576,2019/10/11 4:54,0,0
2019/10/11 4:55,0,2_12_88_126_576,2019/10/11 4:55,0,0
2019/10/11 4:56,0,2_12_88_126_576,2019/10/11 4:56,0,0
2019/10/11 4:57,0,2_12_88_126_576,2019/10/11 4:57,0,0
2019/10/11 4:58,0,2_12_88_126_576,2019/10/11 4:58,0,0
2019/10/11 4:59,0,2_12_88_126_576,2019/10/11 4:59,0,0
2019/10/11 5:00,0,2_12_88_126_576,2019/10/11 5:00,0,0
2019/10/11 5:01,0,2_12_88_126_576,2019/10/11 5:01,0,0
2019/10/11 5:02,0,2_12_88_126_576,2019/10/11 5:02,0,0
2019/10/11 5:03,0,2_12_88_126_576,2019/10/11 5:03,0,0
2019/10/11 5:04,0,2_12_88_126_576,2019/10/11 5:04,0,0
2019/10/11 5:05,0,2_12_88_126_576,2019/10/11 5:05,0,0
2019/10/11 5:06,0,2_12_88_126_576,2019/10/11 5:06,0,0
2019/10/11 5:07,0,2_12_88_126_576,2019/10/11 5:07,0,0
2019/10/11 5:08,0,2_12_88_126_576,2019/10/11 5:08,0,0
2019/10/11 5:09,0,2_12_88_126_576,2019/10/11 5:09,0,0
2019/10/11 5:10,0,2_12_88_126_576,2019/10/11 5:10,0,0
2019/10/11 5:11,0,2_12_88_126_576,2019/10/11 5:11,0,0
2019/10/11 5:12,0,2_12_88_126_576,2019/10/11 5:12,0,0
2019/10/11 5:13,0,2_12_88_126_576,2019/10/11 5:13,0,0
2019/10/11 5:14,0,2_12_88_126_576,2019/10/11 5:14,0,0
2019/10/11 5:15,0,2_12_88_126_591,2019/10/11 5:15,0,0
2019/10/11 5:16,0,2_12_88_126_591,2019/10/11 5:16,0,0
2019/10/11 5:17,0,2_12_88_126_591,2019/10/11 5:17,0,0
2019/10/11 5:18,0,2_12_88_126_591,2019/10/11 5:18,0,0
2019/10/11 5:19,0,2_12_88_126_591,2019/10/11 5:19,0,0
2019/10/11 5:20,0,2_12_88_126_591,2019/10/11 5:20,0,0
2019/10/11 5:21,0,2_12_88_126_591,2019/10/11 5:21,0,0
2019/10/11 5:22,0,2_12_88_126_591,2019/10/11 5:22,0,0
2019/10/11 5:23,0,2_12_88_126_591,2019/10/11 5:23,0,0
2019/10/11 5:24,0,2_12_88_126_591,2019/10/11 5:24,0,0
2019/10/11 5:25,2,2_12_88_126_584,2019/10/11 5:25,2,2
2019/10/11 5:26,2,2_12_88_126_584,2019/10/11 5:26,2,2
2019/10/11 5:27,2,2_12_88_126_584,2019/10/11 5:27,2,2
2019/10/11 5:28,2,2_12_88_126_584,2019/10/11 5:28,2,2
2019/10/11 5:29,2,2_12_88_126_584,2019/10/11 5:29,2,2
2019/10/11 5:30,2,2_12_90_128_514,2019/10/11 5:30,2,2
2019/10/11 5:31,2,2_12_90_128_514,2019/10/11 5:31,2,2
2019/10/11 5:32,2,2_12_90_128_514,2019/10/11 5:32,2,2
2019/10/11 5:33,2,2_12_90_128_514,2019/10/11 5:33,2,2
2019/10/11 5:34,2,2_12_90_128_514,2019/10/11 5:34,2,2
2019/10/11 5:35,2,2_12_90_128_514,2019/10/11 5:35,2,2
2019/10/11 5:36,2,2_12_90_128_514,2019/10/11 5:36,2,2
2019/10/11 5:37,2,2_12_90_128_514,2019/10/11 5:37,2,2
2019/10/11 5:38,2,2_12_90_128_514,2019/10/11 5:38,2,2
2019/10/11 5:39,2,2_12_90_128_514,2019/10/11 5:39,2,2
2019/10/11 5:40,2,2_12_90_128_514,2019/10/11 5:40,2,2
2019/10/11 5:41,2,2_12_90_128_514,2019/10/11 5:41,2,2
2019/10/11 5:42,2,2_12_90_128_514,2019/10/11 5:42,2,2
2019/10/11 5:43,2,2_12_90_128_514,2019/10/11 5:43,2,2
2019/10/11 5:44,2,2_12_90_126_514,2019/10/11 5:44,2,2
2019/10/11 5:45,0,2_10_78_100_171,2019/10/11 5:45,0,0
2019/10/11 5:46,0,2_10_78_100_171,2019/10/11 5:46,0,0
2019/10/11 5:47,0,2_10_78_100_171,2019/10/11 5:47,0,0
2019/10/11 5:48,0,2_10_78_100_171,2019/10/11 5:48,0,0
2019/10/11 5:49,0,2_10_78_100_171,2019/10/11 5:49,0,0
2019/10/11 5:50,0,2_10_78_100_171,2019/10/11 5:50,0,0
2019/10/11 5:51,0,2_10_78_100_171,2019/10/11 5:51,0,0
2019/10/11 5:52,0,2_10_78_100_171,2019/10/11 5:52,0,0
2019/10/11 5:53,0,2_10_78_100_171,2019/10/11 5:53,0,0
2019/10/11 5:54,0,2_10_78_100_171,2019/10/11 5:54,0,0
2019/10/11 5:55,0,2_12_90_126_523,2019/10/11 5:55,0,0
2019/10/11 5:56,0,2_12_90_126_523,2019/10/11 5:56,0,0
2019/10/11 5:57,0,2_12_90_126_523,2019/10/11 5:57,0,0
2019/10/11 5:58,0,2_12_90_126_523,2019/10/11 5:58,0,0
2019/10/11 5:59,0,2_12_90_128_523,2019/10/11 5:59,0,0
2019/10/11 6:00,0,2_12_90_128_523,2019/10/11 6:00,0,0
2019/10/11 6:01,0,2_12_90_128_523,2019/10/11 6:01,0,0
2019/10/11 6:02,0,2_12_90_128_523,2019/10/11 6:02,0,0
2019/10/11 6:03,0,2_12_90_128_523,2019/10/11 6:03,0,0
2019/10/11 6:04,0,2_12_90_126_523,2019/10/11 6:04,0,0
2019/10/11 6:05,0,2_10_78_100_161,2019/10/11 6:05,0,0
2019/10/11 6:06,0,2_10_78_100_161,2019/10/11 6:06,0,0
2019/10/11 6:07,0,2_10_78_100_161,2019/10/11 6:07,0,0
2019/10/11 6:08,0,2_10_78_100_161,2019/10/11 6:08,0,0
2019/10/11 6:09,0,2_10_78_100_161,2019/10/11 6:09,0,0
2019/10/11 6:10,0,2_12_90_126_523,2019/10/11 6:10,0,0
2019/10/11 6:11,0,2_12_90_126_523,2019/10/11 6:11,0,0
2019/10/11 6:12,0,2_12_90_126_523,2019/10/11 6:12,0,0
2019/10/11 6:13,0,2_12_90_126_523,2019/10/11 6:13,0,0
2019/10/11 6:14,0,2_12_90_128_523,2019/10/11 6:14,0,0
2019/10/11 6:15,0,2_10_78_104_354,2019/10/11 6:15,0,0
2019/10/11 6:16,0,2_10_78_104_354,2019/10/11 6:16,0,0
2019/10/11 6:17,0,2_10_78_104_354,2019/10/11 6:17,0,0
2019/10/11 6:18,0,2_10_78_104_354,2019/10/11 6:18,0,0
2019/10/11 6:19,0,2_10_78_100_171,2019/10/11 6:19,0,0
2019/10/11 6:20,0,2_10_78_100_171,2019/10/11 6:20,0,0
2019/10/11 6:21,0,2_10_78_100_171,2019/10/11 6:21,0,0
2019/10/11 6:22,0,2_10_78_100_171,2019/10/11 6:22,0,0
2019/10/11 6:23,0,2_10_78_100_171,2019/10/11 6:23,0,0
2019/10/11 6:24,0,2_10_78_100_171,2019/10/11 6:24,0,0
2019/10/11 6:25,0,2_10_78_100_171,2019/10/11 6:25,0,0
2019/10/11 6:26,0,2_10_78_100_171,2019/10/11 6:26,0,0
2019/10/11 6:27,0,2_10_78_100_171,2019/10/11 6:27,0,0
2019/10/11 6:28,0,2_10_78_100_171,2019/10/11 6:28,0,0
2019/10/11 6:29,0,2_10_78_100_171,2019/10/11 6:29,0,0
2019/10/11 6:30,0,2_10_76_100_161,2019/10/11 6:30,0,0
2019/10/11 6:31,0,2_10_76_100_161,2019/10/11 6:31,0,0
2019/10/11 6:32,0,2_10_76_100_161,2019/10/11 6:32,0,0
2019/10/11 6:33,0,2_10_76_100_161,2019/10/11 6:33,0,0
2019/10/11 6:34,0,2_10_76_100_161,2019/10/11 6:34,0,0
2019/10/11 6:35,0,2_10_76_100_161,2019/10/11 6:35,0,0
2019/10/11 6:36,0,2_10_76_100_161,2019/10/11 6:36,0,0
2019/10/11 6:37,0,2_10_76_100_161,2019/10/11 6:37,0,0
2019/10/11 6:38,0,2_10_76_100_161,2019/10/11 6:38,0,0
2019/10/11 6:39,0,2_10_76_100_161,2019/10/11 6:39,0,0
2019/10/11 6:40,0,2_10_76_100_161,2019/10/11 6:40,0,0
2019/10/11 6:41,0,2_10_76_100_161,2019/10/11 6:41,0,0
2019/10/11 6:42,0,2_10_76_100_161,2019/10/11 6:42,0,0
2019/10/11 6:43,0,2_10_76_100_161,2019/10/11 6:43,0,0
2019/10/11 6:44,0,2_10_76_100_161,2019/10/11 6:44,0,0
2019/10/11 6:45,0,2_10_76_100_161,2019/10/11 6:45,0,0
2019/10/11 6:46,0,2_10_76_100_161,2019/10/11 6:46,0,0
2019/10/11 6:47,0,2_10_76_100_161,2019/10/11 6:47,0,0
2019/10/11 6:48,0,2_10_76_100_161,2019/10/11 6:48,0,0
2019/10/11 6:49,0,2_10_76_100_161,2019/10/11 6:49,0,0
2019/10/11 6:50,0,2_12_88_126_591,2019/10/11 6:50,0,0
2019/10/11 6:51,0,2_12_88_126_591,2019/10/11 6:51,0,0
2019/10/11 6:52,0,2_12_88_126_591,2019/10/11 6:52,0,0
2019/10/11 6:53,0,2_12_88_126_591,2019/10/11 6:53,0,0
2019/10/11 6:54,0,2_12_88_126_591,2019/10/11 6:54,0,0
2019/10/11 6:55,0,2_12_88_126_591,2019/10/11 6:55,0,0
2019/10/11 6:56,0,2_12_88_126_591,2019/10/11 6:56,0,0
2019/10/11 6:57,0,2_12_88_126_591,2019/10/11 6:57,0,0
2019/10/11 6:58,0,2_12_88_126_591,2019/10/11 6:58,0,0
2019/10/11 6:59,0,2_12_88_126_591,2019/10/11 6:59,0,0
2019/10/11 7:00,0,2_10_76_100_171,2019/10/11 7:00,0,0
2019/10/11 7:01,0,2_10_76_100_171,2019/10/11 7:01,0,0
2019/10/11 7:02,0,2_10_76_100_171,2019/10/11 7:02,0,0
2019/10/11 7:03,0,2_10_76_100_171,2019/10/11 7:03,0,0
2019/10/11 7:04,0,2_10_76_100_171,2019/10/11 7:04,0,0
2019/10/11 7:05,0,2_12_88_126_591,2019/10/11 7:05,0,0
2019/10/11 7:06,0,2_12_88_126_591,2019/10/11 7:06,0,0
2019/10/11 7:07,0,2_12_88_126_591,2019/10/11 7:07,0,0
2019/10/11 7:08,0,2_12_88_126_591,2019/10/11 7:08,0,0
2019/10/11 7:09,0,2_12_88_126_591,2019/10/11 7:09,0,0
2019/10/11 7:10,2,2_12_88_126_584,2019/10/11 7:10,2,2
2019/10/11 7:11,2,2_12_88_126_584,2019/10/11 7:11,2,2
2019/10/11 7:12,2,2_12_88_126_584,2019/10/11 7:12,2,2
2019/10/11 7:13,2,2_12_88_126_584,2019/10/11 7:13,2,2
2019/10/11 7:14,2,2_12_88_126_584,2019/10/11 7:14,2,2
2019/10/11 7:15,0,2_12_88_128_523,2019/10/11 7:15,0,0
2019/10/11 7:16,0,2_12_88_128_523,2019/10/11 7:16,0,0
2019/10/11 7:17,0,2_12_88_128_523,2019/10/11 7:17,0,0
2019/10/11 7:18,0,2_12_88_128_523,2019/10/11 7:18,0,0
2019/10/11 7:19,0,2_12_88_126_523,2019/10/11 7:19,0,0
2019/10/11 7:20,0,2_10_76_100_171,2019/10/11 7:20,0,0
2019/10/11 7:21,0,2_10_76_100_171,2019/10/11 7:21,0,0
2019/10/11 7:22,0,2_10_76_100_171,2019/10/11 7:22,0,0
2019/10/11 7:23,0,2_10_76_100_171,2019/10/11 7:23,0,0
2019/10/11 7:24,0,2_10_76_100_171,2019/10/11 7:24,0,0
2019/10/11 7:25,0,2_10_76_100_171,2019/10/11 7:25,0,0
2019/10/11 7:26,0,2_10_76_100_171,2019/10/11 7:26,0,0
2019/10/11 7:27,0,2_10_76_100_171,2019/10/11 7:27,0,0
2019/10/11 7:28,0,2_10_76_100_171,2019/10/11 7:28,0,0
2019/10/11 7:29,0,2_10_76_100_171,2019/10/11 7:29,0,0
2019/10/11 7:30,0,2_10_76_100_161,2019/10/11 7:30,0,0
2019/10/11 7:31,0,2_10_76_100_161,2019/10/11 7:31,0,0
2019/10/11 7:32,0,2_10_76_100_161,2019/10/11 7:32,0,0
2019/10/11 7:33,0,2_10_76_100_161,2019/10/11 7:33,0,0
2019/10/11 7:34,0,2_10_76_100_161,2019/10/11 7:34,0,0
2019/10/11 7:35,0,2_10_76_100_171,2019/10/11 7:35,0,0
2019/10/11 7:36,0,2_10_76_100_171,2019/10/11 7:36,0,0
2019/10/11 7:37,0,2_10_76_100_171,2019/10/11 7:37,0,0
2019/10/11 7:38,0,2_10_76_100_171,2019/10/11 7:38,0,0
2019/10/11 7:39,0,2_10_76_100_171,2019/10/11 7:39,0,0
2019/10/11 7:40,0,2_12_88_126_591,2019/10/11 7:40,0,0
2019/10/11 7:41,0,2_12_88_126_591,2019/10/11 7:41,0,0
2019/10/11 7:42,0,2_12_88_126_591,2019/10/11 7:42,0,0
2019/10/11 7:43,0,2_12_88_126_591,2019/10/11 7:43,0,0
2019/10/11 7:44,0,2_12_88_126_591,2019/10/11 7:44,0,0
2019/10/11 7:45,0,2_10_76_100_171,2019/10/11 7:45,0,0
2019/10/11 7:46,0,2_10_76_100_171,2019/10/11 7:46,0,0
2019/10/11 7:47,0,2_10_76_100_171,2019/10/11 7:47,0,0
2019/10/11 7:48,0,2_10_76_100_171,2019/10/11 7:48,0,0
2019/10/11 7:49,0,2_10_76_100_171,2019/10/11 7:49,0,0
2019/10/11 7:50,2,2_12_88_126_584,2019/10/11 7:50,2,2
2019/10/11 7:51,2,2_12_88_126_584,2019/10/11 7:51,2,2
2019/10/11 7:52,2,2_12_88_126_584,2019/10/11 7:52,2,2
2019/10/11 7:53,2,2_12_88_126_584,2019/10/11 7:53,2,2
2019/10/11 7:54,2,2_12_88_126_584,2019/10/11 7:54,2,2
2019/10/11 7:55,0,2_10_76_100_171,2019/10/11 7:55,0,0
2019/10/11 7:56,0,2_10_76_100_171,2019/10/11 7:56,0,0
2019/10/11 7:57,0,2_10_76_100_171,2019/10/11 7:57,0,0
2019/10/11 7:58,0,2_10_76_100_171,2019/10/11 7:58,0,0
2019/10/11 7:59,0,2_10_76_100_171,2019/10/11 7:59,0,0
2019/10/11 8:00,0,2_12_88_128_523,2019/10/11 8:00,0,0
2019/10/11 8:01,0,2_12_88_128_523,2019/10/11 8:01,0,0
2019/10/11 8:02,0,2_12_88_128_523,2019/10/11 8:02,0,0
2019/10/11 8:03,0,2_12_88_128_523,2019/10/11 8:03,0,0
2019/10/11 8:04,0,2_12_88_128_523,2019/10/11 8:04,0,0
2019/10/11 8:05,0,2_10_76_104_354,2019/10/11 8:05,0,0
2019/10/11 8:06,0,2_10_76_104_354,2019/10/11 8:06,0,0
2019/10/11 8:07,0,2_10_76_104_354,2019/10/11 8:07,0,0
2019/10/11 8:08,0,2_10_76_104_354,2019/10/11 8:08,0,0
2019/10/11 8:09,0,2_10_76_104_354,2019/10/11 8:09,0,0
2019/10/11 8:10,0,2_10_76_104_354,2019/10/11 8:10,0,0
2019/10/11 8:11,0,2_10_76_104_354,2019/10/11 8:11,0,0
2019/10/11 8:12,0,2_10_76_104_354,2019/10/11 8:12,0,0
2019/10/11 8:13,0,2_10_76_104_354,2019/10/11 8:13,0,0
2019/10/11 8:14,0,2_10_76_104_354,2019/10/11 8:14,0,0
2019/10/11 8:15,0,2_10_76_100_171,2019/10/11 8:15,0,0
2019/10/11 8:16,0,2_10_76_100_171,2019/10/11 8:16,0,0
2019/10/11 8:17,0,2_10_76_100_171,2019/10/11 8:17,0,0
2019/10/11 8:18,0,2_10_76_100_171,2019/10/11 8:18,0,0
2019/10/11 8:19,0,2_10_76_100_171,2019/10/11 8:19,0,0
2019/10/11 8:20,0,2_10_76_100_171,2019/10/11 8:20,0,0
2019/10/11 8:21,1,2_4_33,2019/10/11 8:21,0,1
2019/10/11 8:22,0,2_10_76_100_171,2019/10/11 8:22,0,0
2019/10/11 8:23,0,2_10_76_100_171,2019/10/11 8:23,0,0
2019/10/11 8:24,0,2_10_76_100_171,2019/10/11 8:24,0,0
2019/10/11 8:25,0,2_10_76_100_171,2019/10/11 8:25,0,0
2019/10/11 8:26,0,2_10_76_100_171,2019/10/11 8:26,0,0
2019/10/11 8:27,0,2_10_76_100_171,2019/10/11 8:27,0,0
2019/10/11 8:28,0,2_10_76_100_171,2019/10/11 8:28,0,0
2019/10/11 8:29,0,2_10_76_100_171,2019/10/11 8:29,0,0
2019/10/11 8:30,0,2_10_76_100_161,2019/10/11 8:30,0,0
2019/10/11 8:31,0,2_10_76_100_161,2019/10/11 8:31,0,0
2019/10/11 8:32,0,2_10_76_100_161,2019/10/11 8:32,0,0
2019/10/11 8:33,0,2_10_76_100_161,2019/10/11 8:33,0,0
2019/10/11 8:34,0,2_10_76_100_161,2019/10/11 8:34,0,0
2019/10/11 8:35,0,2_10_76_100_171,2019/10/11 8:35,0,0
2019/10/11 8:36,0,2_10_76_100_171,2019/10/11 8:36,0,0
2019/10/11 8:37,0,2_10_76_100_171,2019/10/11 8:37,0,0
2019/10/11 8:38,0,2_10_76_100_171,2019/10/11 8:38,0,0
2019/10/11 8:39,0,2_10_76_100_171,2019/10/11 8:39,0,0
2019/10/11 8:40,0,2_10_76_100_171,2019/10/11 8:40,0,0
2019/10/11 8:41,0,2_10_76_100_171,2019/10/11 8:41,0,0
2019/10/11 8:42,0,2_10_76_100_171,2019/10/11 8:42,0,0
2019/10/11 8:43,0,2_10_76_100_171,2019/10/11 8:43,0,0
2019/10/11 8:44,0,2_10_76_100_171,2019/10/11 8:44,0,0
2019/10/11 8:45,0,2_10_76_100_171,2019/10/11 8:45,0,0
2019/10/11 8:46,0,2_10_76_100_171,2019/10/11 8:46,0,0
2019/10/11 8:47,0,2_10_76_100_171,2019/10/11 8:47,0,0
2019/10/11 8:48,0,2_10_76_100_171,2019/10/11 8:48,0,0
2019/10/11 8:49,0,2_10_76_100_171,2019/10/11 8:49,0,0
2019/10/11 8:50,0,2_10_76_100_171,2019/10/11 8:50,0,0
2019/10/11 8:51,0,2_10_76_100_171,2019/10/11 8:51,0,0
2019/10/11 8:52,0,2_10_76_100_171,2019/10/11 8:52,0,0
2019/10/11 8:53,0,2_10_76_100_171,2019/10/11 8:53,0,0
2019/10/11 8:54,0,2_10_76_100_171,2019/10/11 8:54,0,0
2019/10/11 8:55,0,2_12_88_126_591,2019/10/11 8:55,0,0
2019/10/11 8:56,0,2_12_88_126_591,2019/10/11 8:56,0,0
2019/10/11 8:57,0,2_12_88_126_591,2019/10/11 8:57,0,0
2019/10/11 8:58,0,2_12_88_126_591,2019/10/11 8:58,0,0
2019/10/11 8:59,0,2_12_88_126_591,2019/10/11 8:59,0,0
2019/10/11 9:00,0,2_10_76_100_171,2019/10/11 9:00,0,0
2019/10/11 9:01,0,2_10_76_100_171,2019/10/11 9:01,0,0
2019/10/11 9:02,0,2_10_76_100_171,2019/10/11 9:02,0,0
2019/10/11 9:03,0,2_10_76_100_171,2019/10/11 9:03,0,0
2019/10/11 9:04,0,2_10_76_100_171,2019/10/11 9:04,0,0
2019/10/11 9:05,0,2_10_76_100_171,2019/10/11 9:05,0,0
2019/10/11 9:06,0,2_10_76_100_171,2019/10/11 9:06,0,0
2019/10/11 9:07,0,2_10_76_100_171,2019/10/11 9:07,0,0
2019/10/11 9:08,0,2_10_76_100_171,2019/10/11 9:08,0,0
2019/10/11 9:09,0,2_10_76_100_171,2019/10/11 9:09,0,0
2019/10/11 9:10,0,2_10_76_100_171,2019/10/11 9:10,0,0
2019/10/11 9:11,0,2_10_76_100_171,2019/10/11 9:11,0,0
2019/10/11 9:12,0,2_10_76_100_171,2019/10/11 9:12,0,0
2019/10/11 9:13,0,2_10_76_100_171,2019/10/11 9:13,0,0
2019/10/11 9:14,0,2_10_76_100_171,2019/10/11 9:14,0,0
2019/10/11 9:15,0,2_12_88_126_591,2019/10/11 9:15,0,0
2019/10/11 9:16,0,2_12_88_126_591,2019/10/11 9:16,0,0
2019/10/11 9:17,0,2_12_88_126_591,2019/10/11 9:17,0,0
2019/10/11 9:18,0,2_12_88_126_591,2019/10/11 9:18,0,0
2019/10/11 9:19,0,2_12_88_126_591,2019/10/11 9:19,0,0
2019/10/11 9:20,0,2_12_88_126_591,2019/10/11 9:20,0,0
2019/10/11 9:21,0,2_12_88_126_591,2019/10/11 9:21,0,0
2019/10/11 9:22,0,2_12_88_126_591,2019/10/11 9:22,0,0
2019/10/11 9:23,0,2_12_88_126_591,2019/10/11 9:23,0,0
2019/10/11 9:24,0,2_12_88_126_591,2019/10/11 9:24,0,0
2019/10/11 9:25,2,2_12_88_126_584,2019/10/11 9:25,2,2
2019/10/11 9:26,2,2_12_88_126_584,2019/10/11 9:26,2,2
2019/10/11 9:27,2,2_12_88_126_584,2019/10/11 9:27,2,2
2019/10/11 9:28,2,2_12_88_126_584,2019/10/11 9:28,2,2
2019/10/11 9:29,2,2_12_88_126_584,2019/10/11 9:29,2,2
2019/10/11 9:30,2,2_12_88_128_514,2019/10/11 9:30,2,2
2019/10/11 9:31,2,2_12_88_128_514,2019/10/11 9:31,2,2
2019/10/11 9:32,2,2_12_88_128_514,2019/10/11 9:32,2,2
2019/10/11 9:33,2,2_12_88_128_514,2019/10/11 9:33,2,2
2019/10/11 9:34,2,2_12_88_128_514,2019/10/11 9:34,2,2
2019/10/11 9:35,2,2_12_88_128_514,2019/10/11 9:35,2,2
2019/10/11 9:36,2,2_12_88_128_514,2019/10/11 9:36,2,2
2019/10/11 9:37,2,2_12_88_128_514,2019/10/11 9:37,2,2
2019/10/11 9:38,2,2_12_88_128_514,2019/10/11 9:38,2,2
2019/10/11 9:39,2,2_12_88_128_514,2019/10/11 9:39,2,2
2019/10/11 9:40,2,2_12_88_128_514,2019/10/11 9:40,2,2
2019/10/11 9:41,2,2_12_88_128_514,2019/10/11 9:41,2,2
2019/10/11 9:42,2,2_12_88_128_514,2019/10/11 9:42,2,2
2019/10/11 9:43,2,2_12_88_128_514,2019/10/11 9:43,2,2
2019/10/11 9:44,2,2_12_88_128_514,2019/10/11 9:44,2,2
2019/10/11 9:45,0,2_10_76_104_256,2019/10/11 9:45,0,0
2019/10/11 9:46,0,2_10_76_104_256,2019/10/11 9:46,0,0
2019/10/11 9:47,0,2_10_76_104_256,2019/10/11 9:47,0,0
2019/10/11 9:48,0,2_10_76_104_256,2019/10/11 9:48,0,0
2019/10/11 9:49,0,2_10_76_104_256,2019/10/11 9:49,0,0
2019/10/11 9:50,0,2_12_88_128_591,2019/10/11 9:50,0,0
2019/10/11 9:51,0,2_12_88_128_591,2019/10/11 9:51,0,0
2019/10/11 9:52,0,2_12_88_128_591,2019/10/11 9:52,0,0
2019/10/11 9:53,0,2_12_88_128_591,2019/10/11 9:53,0,0
2019/10/11 9:54,0,2_12_88_128_591,2019/10/11 9:54,0,0
2019/10/11 9:55,0,2_12_88_128_591,2019/10/11 9:55,0,0
2019/10/11 9:56,0,2_12_88_128_591,2019/10/11 9:56,0,0
2019/10/11 9:57,0,2_12_88_128_591,2019/10/11 9:57,0,0
2019/10/11 9:58,0,2_12_88_128_591,2019/10/11 9:58,0,0
2019/10/11 9:59,0,2_12_88_126_591,2019/10/11 9:59,0,0
2019/10/11 10:00,0,2_10_76_100_161,2019/10/11 10:00,0,0
2019/10/11 10:01,0,2_10_76_100_161,2019/10/11 10:01,0,0
2019/10/11 10:02,0,2_10_76_100_161,2019/10/11 10:02,0,0
2019/10/11 10:03,0,2_10_76_100_161,2019/10/11 10:03,0,0
2019/10/11 10:04,0,2_10_76_100_161,2019/10/11 10:04,0,0
2019/10/11 10:05,0,2_10_76_100_171,2019/10/11 10:05,0,0
2019/10/11 10:06,0,2_10_76_100_171,2019/10/11 10:06,0,0
2019/10/11 10:07,0,2_10_76_100_171,2019/10/11 10:07,0,0
2019/10/11 10:08,0,2_10_76_100_171,2019/10/11 10:08,0,0
2019/10/11 10:09,0,2_10_76_100_171,2019/10/11 10:09,0,0
2019/10/11 10:10,0,2_10_76_100_171,2019/10/11 10:10,0,0
2019/10/11 10:11,0,2_10_76_100_171,2019/10/11 10:11,0,0
2019/10/11 10:12,0,2_10_76_100_171,2019/10/11 10:12,0,0
2019/10/11 10:13,0,2_10_76_100_171,2019/10/11 10:13,0,0
2019/10/11 10:14,0,2_10_76_100_171,2019/10/11 10:14,0,0
2019/10/11 10:15,2,2_25_88_128_489,2019/10/11 10:15,2,2
2019/10/11 10:16,2,2_25_88_128_489,2019/10/11 10:16,2,2
2019/10/11 10:17,2,2_16_76_104_320,2019/10/11 10:17,2,2
2019/10/11 10:18,0,2_23,2019/10/11 10:18,0,0
2019/10/11 10:19,2,2_16_76_104_320,2019/10/11 10:19,2,2
2019/10/11 10:20,0,2_16_76_104_326,2019/10/11 10:20,0,0
2019/10/11 10:21,0,2_18,2019/10/11 10:21,0,0
2019/10/11 10:22,0,2_25_88_128_495,2019/10/11 10:22,0,0
2019/10/11 10:23,0,2_23,2019/10/11 10:23,0,0
2019/10/11 10:24,0,2_16_76_100_199,2019/10/11 10:24,0,0
2019/10/11 10:25,0,2_16_76_100_199,2019/10/11 10:25,0,0
2019/10/11 10:26,0,2_16_76_100_199,2019/10/11 10:26,0,0
2019/10/11 10:27,0,2_16_76_100_199,2019/10/11 10:27,0,0
2019/10/11 10:28,0,2_16_76_100_199,2019/10/11 10:28,0,0
2019/10/11 10:29,0,2_25_88_126_495,2019/10/11 10:29,0,0
2019/10/11 10:30,0,2_25_88_126_495,2019/10/11 10:30,0,0
2019/10/11 10:31,0,2_16_76_100_199,2019/10/11 10:31,0,0
2019/10/11 10:32,0,2_25_88_126_495,2019/10/11 10:32,0,0
2019/10/11 10:33,0,2_16_76_100_199,2019/10/11 10:33,0,0
2019/10/11 10:34,0,2_18,2019/10/11 10:34,0,0
2019/10/11 10:35,0,2_25_88_128_495,2019/10/11 10:35,0,0
2019/10/11 10:36,0,2_25_88_128_495,2019/10/11 10:36,0,0
2019/10/11 10:37,0,2_25_88_128_495,2019/10/11 10:37,0,0
2019/10/11 10:38,0,2_25_88_128_495,2019/10/11 10:38,0,0
2019/10/11 10:39,0,2_25_88_128_495,2019/10/11 10:39,0,0
2019/10/11 10:40,0,2_25_88_128_491,2019/10/11 10:40,0,0
2019/10/11 10:41,0,2_23,2019/10/11 10:41,0,0
2019/10/11 10:42,0,2_25_88_128_491,2019/10/11 10:42,0,0
2019/10/11 10:43,0,2_25_88_128_491,2019/10/11 10:43,0,0
2019/10/11 10:44,0,2_25_88_128_491,2019/10/11 10:44,0,0
2019/10/11 10:45,0,2_12_88_128_495,2019/10/11 10:45,0,0
2019/10/11 10:46,0,2_12_88_128_495,2019/10/11 10:46,0,0
2019/10/11 10:47,0,2_12_88_128_495,2019/10/11 10:47,0,0
2019/10/11 10:48,0,2_12_88_128_495,2019/10/11 10:48,0,0
2019/10/11 10:49,0,2_12_88_128_495,2019/10/11 10:49,0,0
2019/10/11 10:50,0,2_12_88_128_495,2019/10/11 10:50,0,0
2019/10/11 10:51,0,2_12_88_128_495,2019/10/11 10:51,0,0
2019/10/11 10:52,0,2_12_88_128_495,2019/10/11 10:52,0,0
2019/10/11 10:53,0,2_12_88_128_495,2019/10/11 10:53,0,0
2019/10/11 10:54,0,2_12_88_128_495,2019/10/11 10:54,0,0
2019/10/11 10:55,0,2_12_88_128_495,2019/10/11 10:55,0,0
2019/10/11 10:56,0,2_12_88_128_495,2019/10/11 10:56,0,0
2019/10/11 10:57,0,2_12_88_128_495,2019/10/11 10:57,0,0
2019/10/11 10:58,0,2_12_88_128_495,2019/10/11 10:58,0,0
2019/10/11 10:59,0,2_12_88_128_495,2019/10/11 10:59,0,0
2019/10/11 11:00,2,2_12_90_128_486,2019/10/11 11:00,2,2
2019/10/11 11:01,2,2_12_90_128_486,2019/10/11 11:01,2,2
2019/10/11 11:02,2,2_12_90_128_486,2019/10/11 11:02,2,2
2019/10/11 11:03,2,2_12_90_128_486,2019/10/11 11:03,2,2
2019/10/11 11:04,2,2_12_90_128_486,2019/10/11 11:04,2,2
2019/10/11 11:05,2,2_12_90_128_486,2019/10/11 11:05,2,2
2019/10/11 11:06,2,2_12_90_128_486,2019/10/11 11:06,2,2
2019/10/11 11:07,2,2_12_90_128_486,2019/10/11 11:07,2,2
2019/10/11 11:08,2,2_12_90_128_486,2019/10/11 11:08,2,2
2019/10/11 11:09,2,2_12_90_128_486,2019/10/11 11:09,2,2
2019/10/11 11:10,2,2_12_90_128_486,2019/10/11 11:10,2,2
2019/10/11 11:11,2,2_12_90_128_486,2019/10/11 11:11,2,2
2019/10/11 11:12,2,2_12_90_128_486,2019/10/11 11:12,2,2
2019/10/11 11:13,2,2_12_90_128_486,2019/10/11 11:13,2,2
2019/10/11 11:14,2,2_12_90_128_486,2019/10/11 11:14,2,2
2019/10/11 11:15,0,2_12_90_128_495,2019/10/11 11:15,0,0
2019/10/11 11:16,0,2_12_90_128_495,2019/10/11 11:16,0,0
2019/10/11 11:17,0,2_12_90_128_495,2019/10/11 11:17,0,0
2019/10/11 11:18,0,2_12_90_128_495,2019/10/11 11:18,0,0
2019/10/11 11:19,0,2_12_90_128_495,2019/10/11 11:19,0,0
2019/10/11 11:20,0,2_10_78_104_326,2019/10/11 11:20,0,0
2019/10/11 11:21,0,2_10_78_104_326,2019/10/11 11:21,0,0
2019/10/11 11:22,0,2_10_78_104_326,2019/10/11 11:22,0,0
2019/10/11 11:23,0,2_10_78_104_326,2019/10/11 11:23,0,0
2019/10/11 11:24,0,2_10_78_104_326,2019/10/11 11:24,0,0
2019/10/11 11:25,0,2_10_78_104_326,2019/10/11 11:25,0,0
2019/10/11 11:26,0,2_10_78_104_326,2019/10/11 11:26,0,0
2019/10/11 11:27,0,2_10_78_104_326,2019/10/11 11:27,0,0
2019/10/11 11:28,0,2_10_78_104_326,2019/10/11 11:28,0,0
2019/10/11 11:29,0,2_10_78_104_326,2019/10/11 11:29,0,0
2019/10/11 11:30,0,2_10_78_104_324,2019/10/11 11:30,0,0
2019/10/11 11:31,0,2_10_78_104_324,2019/10/11 11:31,0,0
2019/10/11 11:32,0,2_10_78_104_324,2019/10/11 11:32,0,0
2019/10/11 11:33,0,2_10_78_104_324,2019/10/11 11:33,0,0
2019/10/11 11:34,0,2_10_78_104_324,2019/10/11 11:34,0,0
2019/10/11 11:35,0,2_10_78_104_324,2019/10/11 11:35,0,0
2019/10/11 11:36,0,2_10_78_104_324,2019/10/11 11:36,0,0
2019/10/11 11:37,0,2_10_78_104_324,2019/10/11 11:37,0,0
2019/10/11 11:38,0,2_10_78_104_324,2019/10/11 11:38,0,0
2019/10/11 11:39,0,2_10_78_104_324,2019/10/11 11:39,0,0
2019/10/11 11:40,0,2_10_78_104_324,2019/10/11 11:40,0,0
2019/10/11 11:41,0,2_10_78_104_324,2019/10/11 11:41,0,0
2019/10/11 11:42,0,2_10_78_104_324,2019/10/11 11:42,0,0
2019/10/11 11:43,0,2_10_78_104_324,2019/10/11 11:43,0,0
2019/10/11 11:44,0,2_10_78_104_324,2019/10/11 11:44,0,0
2019/10/11 11:45,0,2_10_78_104_297,2019/10/11 11:45,0,0
2019/10/11 11:46,0,2_10_78_104_297,2019/10/11 11:46,0,0
2019/10/11 11:47,0,2_10_78_104_297,2019/10/11 11:47,0,0
2019/10/11 11:48,0,2_10_78_104_297,2019/10/11 11:48,0,0
2019/10/11 11:49,0,2_10_78_104_297,2019/10/11 11:49,0,0
2019/10/11 11:50,0,2_10_78_104_297,2019/10/11 11:50,0,0
2019/10/11 11:51,0,2_10_78_104_297,2019/10/11 11:51,0,0
2019/10/11 11:52,0,2_10_78_104_297,2019/10/11 11:52,0,0
2019/10/11 11:53,0,2_10_78_104_297,2019/10/11 11:53,0,0
2019/10/11 11:54,0,2_10_78_104_297,2019/10/11 11:54,0,0
2019/10/11 11:55,0,2_10_78_104_297,2019/10/11 11:55,0,0
2019/10/11 11:56,0,2_10_78_104_297,2019/10/11 11:56,0,0
2019/10/11 11:57,0,2_10_78_104_297,2019/10/11 11:57,0,0
2019/10/11 11:58,0,2_10_78_104_297,2019/10/11 11:58,0,0
2019/10/11 11:59,0,2_10_78_104_297,2019/10/11 11:59,0,0
2019/10/11 12:00,0,2_10_76_100_197,2019/10/11 12:00,0,0
2019/10/11 12:01,0,2_10_76_100_197,2019/10/11 12:01,0,0
2019/10/11 12:02,0,2_10_76_100_197,2019/10/11 12:02,0,0
2019/10/11 12:03,0,2_10_76_100_197,2019/10/11 12:03,0,0
2019/10/11 12:04,0,2_10_76_100_197,2019/10/11 12:04,0,0
2019/10/11 12:05,0,2_10_76_100_199,2019/10/11 12:05,0,0
2019/10/11 12:06,0,2_10_76_100_199,2019/10/11 12:06,0,0
2019/10/11 12:07,0,2_10_76_100_199,2019/10/11 12:07,0,0
2019/10/11 12:08,0,2_10_76_100_199,2019/10/11 12:08,0,0
2019/10/11 12:09,0,2_10_76_100_199,2019/10/11 12:09,0,0
2019/10/11 12:10,0,2_10_76_100_197,2019/10/11 12:10,0,0
2019/10/11 12:11,0,2_10_76_100_197,2019/10/11 12:11,0,0
2019/10/11 12:12,0,2_10_76_100_197,2019/10/11 12:12,0,0
2019/10/11 12:13,0,2_10_76_100_197,2019/10/11 12:13,0,0
2019/10/11 12:14,0,2_10_76_100_197,2019/10/11 12:14,0,0
2019/10/11 12:15,0,2_10_76_100_197,2019/10/11 12:15,0,0
2019/10/11 12:16,0,2_10_76_100_197,2019/10/11 12:16,0,0
2019/10/11 12:17,0,2_10_76_100_197,2019/10/11 12:17,0,0
2019/10/11 12:18,0,2_10_76_100_197,2019/10/11 12:18,0,0
2019/10/11 12:19,0,2_10_76_100_197,2019/10/11 12:19,0,0
2019/10/11 12:20,0,2_10_76_100_197,2019/10/11 12:20,0,0
2019/10/11 12:21,0,2_10_76_100_197,2019/10/11 12:21,0,0
2019/10/11 12:22,0,2_10_76_100_197,2019/10/11 12:22,0,0
2019/10/11 12:23,0,2_10_76_100_197,2019/10/11 12:23,0,0
2019/10/11 12:24,0,2_10_76_100_197,2019/10/11 12:24,0,0
2019/10/11 12:25,0,2_10_76_100_197,2019/10/11 12:25,0,0
2019/10/11 12:26,0,2_10_76_100_197,2019/10/11 12:26,0,0
2019/10/11 12:27,0,2_10_76_100_197,2019/10/11 12:27,0,0
2019/10/11 12:28,0,2_10_76_100_197,2019/10/11 12:28,0,0
2019/10/11 12:29,0,2_10_76_100_197,2019/10/11 12:29,0,0
2019/10/11 12:30,0,2_10_76_100_197,2019/10/11 12:30,0,0
2019/10/11 12:31,0,2_10_76_100_197,2019/10/11 12:31,0,0
2019/10/11 12:32,0,2_10_76_100_197,2019/10/11 12:32,0,0
2019/10/11 12:33,0,2_10_76_100_197,2019/10/11 12:33,0,0
2019/10/11 12:34,0,2_10_76_100_197,2019/10/11 12:34,0,0
2019/10/11 12:35,0,2_10_76_100_197,2019/10/11 12:35,0,0
2019/10/11 12:36,0,2_10_76_100_197,2019/10/11 12:36,0,0
2019/10/11 12:37,0,2_10_76_100_197,2019/10/11 12:37,0,0
2019/10/11 12:38,0,2_10_76_100_197,2019/10/11 12:38,0,0
2019/10/11 12:39,0,2_10_76_100_197,2019/10/11 12:39,0,0
2019/10/11 12:40,0,2_10_76_100_197,2019/10/11 12:40,0,0
2019/10/11 12:41,0,2_10_76_100_197,2019/10/11 12:41,0,0
2019/10/11 12:42,0,2_10_76_100_197,2019/10/11 12:42,0,0
2019/10/11 12:43,0,2_10_76_100_197,2019/10/11 12:43,0,0
2019/10/11 12:44,0,2_10_76_100_197,2019/10/11 12:44,0,0
2019/10/11 12:45,1,2_10_76_100_205,2019/10/11 12:45,0,1
2019/10/11 12:46,1,2_10_76_100_205,2019/10/11 12:46,0,1
2019/10/11 12:47,1,2_10_76_100_205,2019/10/11 12:47,0,1
2019/10/11 12:48,1,2_10_76_100_205,2019/10/11 12:48,0,1
2019/10/11 12:49,1,2_10_76_100_205,2019/10/11 12:49,0,1
2019/10/11 12:50,1,2_10_76_100_205,2019/10/11 12:50,0,1
2019/10/11 12:51,1,2_10_76_100_205,2019/10/11 12:51,0,1
2019/10/11 12:52,1,2_10_76_100_205,2019/10/11 12:52,0,1
2019/10/11 12:53,1,2_10_76_100_205,2019/10/11 12:53,0,1
2019/10/11 12:54,1,2_10_76_100_205,2019/10/11 12:54,0,1
2019/10/11 12:55,0,2_10_76_100_212,2019/10/11 12:55,0,0
2019/10/11 12:56,0,2_10_76_100_212,2019/10/11 12:56,0,0
2019/10/11 12:57,0,2_10_76_100_212,2019/10/11 12:57,0,0
2019/10/11 12:58,0,2_10_76_100_212,2019/10/11 12:58,0,0
2019/10/11 12:59,0,2_10_76_100_212,2019/10/11 12:59,0,0
2019/10/11 13:00,0,2_12_88_126_606,2019/10/11 13:00,0,0
2019/10/11 13:01,0,2_12_88_126_606,2019/10/11 13:01,0,0
2019/10/11 13:02,0,2_12_88_126_606,2019/10/11 13:02,0,0
2019/10/11 13:03,0,2_12_88_126_606,2019/10/11 13:03,0,0
2019/10/11 13:04,0,2_12_88_126_606,2019/10/11 13:04,0,0
2019/10/11 13:05,0,2_10_76_100_212,2019/10/11 13:05,0,0
2019/10/11 13:06,0,2_10_76_100_212,2019/10/11 13:06,0,0
2019/10/11 13:07,0,2_10_76_100_212,2019/10/11 13:07,0,0
2019/10/11 13:08,0,2_10_76_100_212,2019/10/11 13:08,0,0
2019/10/11 13:09,1,2_4_33,2019/10/11 13:09,0,1
2019/10/11 13:10,1,2_10_76_100_205,2019/10/11 13:10,0,1
2019/10/11 13:11,1,2_10_76_100_205,2019/10/11 13:11,0,1
2019/10/11 13:12,1,2_10_76_100_205,2019/10/11 13:12,0,1
2019/10/11 13:13,1,2_10_76_100_205,2019/10/11 13:13,0,1
2019/10/11 13:14,1,2_10_76_100_205,2019/10/11 13:14,0,1
2019/10/11 13:15,1,2_10_76_100_205,2019/10/11 13:15,0,1
2019/10/11 13:16,1,2_10_76_100_205,2019/10/11 13:16,0,1
2019/10/11 13:17,1,2_10_76_100_205,2019/10/11 13:17,0,1
2019/10/11 13:18,1,2_10_76_100_205,2019/10/11 13:18,0,1
2019/10/11 13:19,1,2_10_76_100_205,2019/10/11 13:19,0,1
2019/10/11 13:20,1,2_10_76_100_205,2019/10/11 13:20,0,1
2019/10/11 13:21,1,2_10_76_100_205,2019/10/11 13:21,0,1
2019/10/11 13:22,1,2_10_76_100_205,2019/10/11 13:22,0,1
2019/10/11 13:23,1,2_10_76_100_205,2019/10/11 13:23,0,1
2019/10/11 13:24,1,2_10_76_100_205,2019/10/11 13:24,0,1
2019/10/11 13:25,0,2_10_76_100_212,2019/10/11 13:25,0,0
2019/10/11 13:26,0,2_10_76_100_212,2019/10/11 13:26,0,0
2019/10/11 13:27,0,2_10_76_100_212,2019/10/11 13:27,0,0
2019/10/11 13:28,0,2_10_76_100_212,2019/10/11 13:28,0,0
2019/10/11 13:29,0,2_10_76_100_212,2019/10/11 13:29,0,0
2019/10/11 13:30,0,2_10_76_100_212,2019/10/11 13:30,0,0
2019/10/11 13:31,0,2_10_76_100_212,2019/10/11 13:31,0,0
2019/10/11 13:32,0,2_10_76_100_212,2019/10/11 13:32,0,0
2019/10/11 13:33,0,2_10_76_100_212,2019/10/11 13:33,0,0
2019/10/11 13:34,0,2_10_76_100_212,2019/10/11 13:34,0,0
2019/10/11 13:35,1,2_10_76_100_205,2019/10/11 13:35,0,1
2019/10/11 13:36,1,2_10_76_100_205,2019/10/11 13:36,0,1
2019/10/11 13:37,1,2_10_76_100_205,2019/10/11 13:37,0,1
2019/10/11 13:38,1,2_10_76_100_205,2019/10/11 13:38,0,1
2019/10/11 13:39,1,2_10_76_100_205,2019/10/11 13:39,0,1
2019/10/11 13:40,1,2_10_76_100_205,2019/10/11 13:40,0,1
2019/10/11 13:41,1,2_10_76_100_205,2019/10/11 13:41,0,1
2019/10/11 13:42,1,2_10_76_100_205,2019/10/11 13:42,0,1
2019/10/11 13:43,1,2_10_76_100_205,2019/10/11 13:43,0,1
2019/10/11 13:44,1,2_10_76_100_205,2019/10/11 13:44,0,1
2019/10/11 13:45,0,2_10_76_100_212,2019/10/11 13:45,0,0
2019/10/11 13:46,0,2_10_76_100_212,2019/10/11 13:46,0,0
2019/10/11 13:47,0,2_10_76_100_212,2019/10/11 13:47,0,0
2019/10/11 13:48,0,2_10_76_100_212,2019/10/11 13:48,0,0
2019/10/11 13:49,0,2_10_76_100_212,2019/10/11 13:49,0,0
2019/10/11 13:50,0,2_10_76_100_212,2019/10/11 13:50,0,0
2019/10/11 13:51,0,2_10_76_100_212,2019/10/11 13:51,0,0
2019/10/11 13:52,0,2_10_76_100_212,2019/10/11 13:52,0,0
2019/10/11 13:53,0,2_10_76_100_212,2019/10/11 13:53,0,0
2019/10/11 13:54,0,2_10_76_100_212,2019/10/11 13:54,0,0
2019/10/11 13:55,0,2_10_76_100_212,2019/10/11 13:55,0,0
2019/10/11 13:56,0,2_10_76_100_212,2019/10/11 13:56,0,0
2019/10/11 13:57,0,2_10_76_100_212,2019/10/11 13:57,0,0
2019/10/11 13:58,0,2_10_76_100_212,2019/10/11 13:58,0,0
2019/10/11 13:59,0,2_10_76_100_212,2019/10/11 13:59,0,0
2019/10/11 14:00,0,2_10_76_100_158,2019/10/11 14:00,0,0
2019/10/11 14:01,0,2_10_76_100_158,2019/10/11 14:01,0,0
2019/10/11 14:02,0,2_10_76_100_158,2019/10/11 14:02,0,0
2019/10/11 14:03,0,2_10_76_100_158,2019/10/11 14:03,0,0
2019/10/11 14:04,0,2_10_76_100_158,2019/10/11 14:04,0,0
2019/10/11 14:05,0,2_10_76_100_158,2019/10/11 14:05,0,0
2019/10/11 14:06,0,2_10_76_100_158,2019/10/11 14:06,0,0
2019/10/11 14:07,0,2_10_76_100_158,2019/10/11 14:07,0,0
2019/10/11 14:08,0,2_10_76_100_158,2019/10/11 14:08,0,0
2019/10/11 14:09,0,2_10_76_100_158,2019/10/11 14:09,0,0
2019/10/11 14:10,1,2_10_76_100_149,2019/10/11 14:10,0,1
2019/10/11 14:11,1,2_10_76_100_149,2019/10/11 14:11,0,1
2019/10/11 14:12,1,2_10_76_100_149,2019/10/11 14:12,0,1
2019/10/11 14:13,1,2_10_76_100_149,2019/10/11 14:13,0,1
2019/10/11 14:14,1,2_10_76_100_149,2019/10/11 14:14,0,1
2019/10/11 14:15,1,2_10_76_100_149,2019/10/11 14:15,0,1
2019/10/11 14:16,1,2_10_76_100_149,2019/10/11 14:16,0,1
2019/10/11 14:17,1,2_4_33,2019/10/11 14:17,0,1
2019/10/11 14:18,1,2_10_76_100_149,2019/10/11 14:18,0,1
2019/10/11 14:19,1,2_10_76_100_149,2019/10/11 14:19,0,1
2019/10/11 14:20,1,2_10_76_100_149,2019/10/11 14:20,0,1
2019/10/11 14:21,1,2_10_76_100_149,2019/10/11 14:21,0,1
2019/10/11 14:22,1,2_10_76_100_149,2019/10/11 14:22,0,1
2019/10/11 14:23,1,2_10_76_100_149,2019/10/11 14:23,0,1
2019/10/11 14:24,1,2_10_76_100_149,2019/10/11 14:24,0,1
2019/10/11 14:25,1,2_10_76_100_149,2019/10/11 14:25,0,1
2019/10/11 14:26,1,2_10_76_100_149,2019/10/11 14:26,0,1
2019/10/11 14:27,1,2_10_76_100_149,2019/10/11 14:27,0,1
2019/10/11 14:28,1,2_10_76_100_149,2019/10/11 14:28,0,1
2019/10/11 14:29,1,2_10_76_100_149,2019/10/11 14:29,0,1
2019/10/11 14:30,1,2_10_76_100_136,2019/10/11 14:30,0,1
2019/10/11 14:31,1,2_10_76_100_136,2019/10/11 14:31,0,1
2019/10/11 14:32,1,2_4_33,2019/10/11 14:32,0,1
2019/10/11 14:33,1,2_10_76_100_136,2019/10/11 14:33,0,1
2019/10/11 14:34,1,2_10_76_100_136,2019/10/11 14:34,0,1
2019/10/11 14:35,1,2_10_76_100_136,2019/10/11 14:35,0,1
2019/10/11 14:36,1,2_10_76_100_136,2019/10/11 14:36,0,1
2019/10/11 14:37,1,2_10_76_100_136,2019/10/11 14:37,0,1
2019/10/11 14:38,1,2_10_76_100_136,2019/10/11 14:38,0,1
2019/10/11 14:39,1,2_10_76_100_136,2019/10/11 14:39,0,1
2019/10/11 14:40,1,2_10_76_100_136,2019/10/11 14:40,0,1
2019/10/11 14:41,1,2_10_76_100_136,2019/10/11 14:41,0,1
2019/10/11 14:42,1,2_10_76_100_136,2019/10/11 14:42,0,1
2019/10/11 14:43,1,2_10_76_100_136,2019/10/11 14:43,0,1
2019/10/11 14:44,1,2_10_76_100_136,2019/10/11 14:44,0,1
2019/10/11 14:45,1,2_10_76_100_136,2019/10/11 14:45,0,1
2019/10/11 14:46,1,2_10_76_100_136,2019/10/11 14:46,0,1
2019/10/11 14:47,1,2_10_76_100_136,2019/10/11 14:47,0,1
2019/10/11 14:48,1,2_10_76_100_136,2019/10/11 14:48,0,1
2019/10/11 14:49,1,2_10_76_100_136,2019/10/11 14:49,0,1
2019/10/11 14:50,1,2_10_76_100_136,2019/10/11 14:50,0,1
2019/10/11 14:51,1,2_10_76_100_136,2019/10/11 14:51,0,1
2019/10/11 14:52,1,2_10_76_100_136,2019/10/11 14:52,0,1
2019/10/11 14:53,1,2_10_76_100_136,2019/10/11 14:53,0,1
2019/10/11 14:54,1,2_10_76_100_136,2019/10/11 14:54,0,1
2019/10/11 14:55,0,2_10_76_100_145,2019/10/11 14:55,0,0
2019/10/11 14:56,0,2_10_76_100_145,2019/10/11 14:56,0,0
2019/10/11 14:57,0,2_10_76_100_145,2019/10/11 14:57,0,0
2019/10/11 14:58,0,2_10_76_100_145,2019/10/11 14:58,0,0
2019/10/11 14:59,0,2_10_76_100_145,2019/10/11 14:59,0,0
2019/10/11 15:00,0,2_10_76_100_145,2019/10/11 15:00,0,0
2019/10/11 15:01,0,2_10_76_100_145,2019/10/11 15:01,0,0
2019/10/11 15:02,0,2_10_76_100_145,2019/10/11 15:02,0,0
2019/10/11 15:03,0,2_10_76_100_145,2019/10/11 15:03,0,0
2019/10/11 15:04,0,2_10_76_100_145,2019/10/11 15:04,0,0
2019/10/11 15:05,0,2_10_76_100_143,2019/10/11 15:05,0,0
2019/10/11 15:06,0,2_10_76_100_143,2019/10/11 15:06,0,0
2019/10/11 15:07,0,2_10_76_100_143,2019/10/11 15:07,0,0
2019/10/11 15:08,0,2_10_76_100_143,2019/10/11 15:08,0,0
2019/10/11 15:09,0,2_10_76_100_143,2019/10/11 15:09,0,0
2019/10/11 15:10,0,2_12_88_126_565,2019/10/11 15:10,0,0
2019/10/11 15:11,0,2_12_88_126_565,2019/10/11 15:11,0,0
2019/10/11 15:12,0,2_12_88_126_565,2019/10/11 15:12,0,0
2019/10/11 15:13,0,2_12_88_126_565,2019/10/11 15:13,0,0
2019/10/11 15:14,0,2_12_88_126_565,2019/10/11 15:14,0,0
2019/10/11 15:15,0,2_10_76_100_145,2019/10/11 15:15,0,0
2019/10/11 15:16,0,2_10_76_100_145,2019/10/11 15:16,0,0
2019/10/11 15:17,0,2_10_76_100_145,2019/10/11 15:17,0,0
2019/10/11 15:18,0,2_10_76_100_145,2019/10/11 15:18,0,0
2019/10/11 15:19,0,2_10_76_100_145,2019/10/11 15:19,0,0
2019/10/11 15:20,0,2_10_76_100_145,2019/10/11 15:20,0,0
2019/10/11 15:21,0,2_10_76_100_145,2019/10/11 15:21,0,0
2019/10/11 15:22,0,2_10_76_100_145,2019/10/11 15:22,0,0
2019/10/11 15:23,0,2_10_76_100_145,2019/10/11 15:23,0,0
2019/10/11 15:24,0,2_10_76_100_145,2019/10/11 15:24,0,0
2019/10/11 15:25,0,2_12_88_126_565,2019/10/11 15:25,0,0
2019/10/11 15:26,0,2_12_88_126_565,2019/10/11 15:26,0,0
2019/10/11 15:27,0,2_12_88_126_565,2019/10/11 15:27,0,0
2019/10/11 15:28,0,2_12_88_126_565,2019/10/11 15:28,0,0
2019/10/11 15:29,0,2_12_88_126_565,2019/10/11 15:29,0,0
2019/10/11 15:30,0,2_12_88_126_578,2019/10/11 15:30,0,0
2019/10/11 15:31,0,2_12_88_126_578,2019/10/11 15:31,0,0
2019/10/11 15:32,0,2_12_88_126_578,2019/10/11 15:32,0,0
2019/10/11 15:33,0,2_12_88_126_578,2019/10/11 15:33,0,0
2019/10/11 15:34,0,2_12_88_126_578,2019/10/11 15:34,0,0
2019/10/11 15:35,0,2_10_76_100_158,2019/10/11 15:35,0,0
2019/10/11 15:36,0,2_10_76_100_158,2019/10/11 15:36,0,0
2019/10/11 15:37,0,2_10_76_100_158,2019/10/11 15:37,0,0
2019/10/11 15:38,0,2_10_76_100_158,2019/10/11 15:38,0,0
2019/10/11 15:39,0,2_10_76_100_158,2019/10/11 15:39,0,0
2019/10/11 15:40,0,2_10_76_100_158,2019/10/11 15:40,0,0
2019/10/11 15:41,0,2_10_76_100_158,2019/10/11 15:41,0,0
2019/10/11 15:42,0,2_10_76_100_158,2019/10/11 15:42,0,0
2019/10/11 15:43,0,2_10_76_100_158,2019/10/11 15:43,0,0
2019/10/11 15:44,0,2_10_76_100_158,2019/10/11 15:44,0,0
2019/10/11 15:45,0,2_12_88_126_578,2019/10/11 15:45,0,0
2019/10/11 15:46,0,2_12_88_126_578,2019/10/11 15:46,0,0
2019/10/11 15:47,0,2_12_88_126_578,2019/10/11 15:47,0,0
2019/10/11 15:48,0,2_12_88_126_578,2019/10/11 15:48,0,0
2019/10/11 15:49,0,2_12_88_126_578,2019/10/11 15:49,0,0
2019/10/11 15:50,0,2_12_88_126_576,2019/10/11 15:50,0,0
2019/10/11 15:51,0,2_12_88_126_576,2019/10/11 15:51,0,0
2019/10/11 15:52,0,2_12_88_126_576,2019/10/11 15:52,0,0
2019/10/11 15:53,0,2_12_88_126_576,2019/10/11 15:53,0,0
2019/10/11 15:54,0,2_12_88_126_576,2019/10/11 15:54,0,0
2019/10/11 15:55,0,2_10_76_100_158,2019/10/11 15:55,0,0
2019/10/11 15:56,0,2_10_76_100_158,2019/10/11 15:56,0,0
2019/10/11 15:57,0,2_10_76_100_158,2019/10/11 15:57,0,0
2019/10/11 15:58,0,2_10_76_100_158,2019/10/11 15:58,0,0
2019/10/11 15:59,0,2_10_76_100_158,2019/10/11 15:59,0,0
2019/10/11 16:00,0,2_10_76_100_158,2019/10/11 16:00,0,0
2019/10/11 16:01,0,2_10_76_100_158,2019/10/11 16:01,0,0
2019/10/11 16:02,0,2_10_76_100_158,2019/10/11 16:02,0,0
2019/10/11 16:03,0,2_10_76_100_158,2019/10/11 16:03,0,0
2019/10/11 16:04,0,2_10_76_100_158,2019/10/11 16:04,0,0
2019/10/11 16:05,0,2_12_88_126_578,2019/10/11 16:05,0,0
2019/10/11 16:06,0,2_12_88_126_578,2019/10/11 16:06,0,0
2019/10/11 16:07,0,2_12_88_126_578,2019/10/11 16:07,0,0
2019/10/11 16:08,0,2_12_88_126_578,2019/10/11 16:08,0,0
2019/10/11 16:09,0,2_12_88_126_578,2019/10/11 16:09,0,0
2019/10/11 16:10,0,2_10_76_100_158,2019/10/11 16:10,0,0
2019/10/11 16:11,0,2_10_76_100_158,2019/10/11 16:11,0,0
2019/10/11 16:12,0,2_10_76_100_158,2019/10/11 16:12,0,0
2019/10/11 16:13,0,2_10_76_100_158,2019/10/11 16:13,0,0
2019/10/11 16:14,0,2_10_76_100_158,2019/10/11 16:14,0,0
2019/10/11 16:15,0,2_12_88_126_591,2019/10/11 16:15,0,0
2019/10/11 16:16,0,2_12_88_126_591,2019/10/11 16:16,0,0
2019/10/11 16:17,0,2_12_88_126_591,2019/10/11 16:17,0,0
2019/10/11 16:18,0,2_12_88_126_591,2019/10/11 16:18,0,0
2019/10/11 16:19,0,2_12_88_126_591,2019/10/11 16:19,0,0
2019/10/11 16:20,0,2_12_88_126_591,2019/10/11 16:20,0,0
2019/10/11 16:21,0,2_12_88_126_591,2019/10/11 16:21,0,0
2019/10/11 16:22,0,2_12_88_126_591,2019/10/11 16:22,0,0
2019/10/11 16:23,0,2_12_88_126_591,2019/10/11 16:23,0,0
2019/10/11 16:24,0,2_12_88_126_591,2019/10/11 16:24,0,0
2019/10/11 16:25,0,2_12_88_126_591,2019/10/11 16:25,0,0
2019/10/11 16:26,0,2_12_88_126_591,2019/10/11 16:26,0,0
2019/10/11 16:27,0,2_12_88_126_591,2019/10/11 16:27,0,0
2019/10/11 16:28,0,2_12_88_126_591,2019/10/11 16:28,0,0
2019/10/11 16:29,0,2_12_88_126_591,2019/10/11 16:29,0,0
2019/10/11 16:30,0,2_10_76_100_171,2019/10/11 16:30,0,0
2019/10/11 16:31,0,2_10_76_100_171,2019/10/11 16:31,0,0
2019/10/11 16:32,0,2_10_76_100_171,2019/10/11 16:32,0,0
2019/10/11 16:33,0,2_10_76_100_171,2019/10/11 16:33,0,0
2019/10/11 16:34,0,2_10_76_100_171,2019/10/11 16:34,0,0
2019/10/11 16:35,0,2_10_76_100_161,2019/10/11 16:35,0,0
2019/10/11 16:36,0,2_10_76_100_161,2019/10/11 16:36,0,0
2019/10/11 16:37,0,2_10_76_100_161,2019/10/11 16:37,0,0
2019/10/11 16:38,0,2_10_76_100_161,2019/10/11 16:38,0,0
2019/10/11 16:39,0,2_10_76_100_161,2019/10/11 16:39,0,0
2019/10/11 16:40,0,2_10_76_100_171,2019/10/11 16:40,0,0
2019/10/11 16:41,0,2_10_76_100_171,2019/10/11 16:41,0,0
2019/10/11 16:42,0,2_10_76_100_171,2019/10/11 16:42,0,0
2019/10/11 16:43,0,2_10_76_100_171,2019/10/11 16:43,0,0
2019/10/11 16:44,0,2_10_76_100_171,2019/10/11 16:44,0,0
2019/10/11 16:45,0,2_10_76_100_171,2019/10/11 16:45,0,0
2019/10/11 16:46,0,2_10_76_100_171,2019/10/11 16:46,0,0
2019/10/11 16:47,0,2_10_76_100_171,2019/10/11 16:47,0,0
2019/10/11 16:48,0,2_10_76_100_171,2019/10/11 16:48,0,0
2019/10/11 16:49,0,2_10_76_100_171,2019/10/11 16:49,0,0
2019/10/11 16:50,0,2_10_76_100_161,2019/10/11 16:50,0,0
2019/10/11 16:51,0,2_10_76_100_161,2019/10/11 16:51,0,0
2019/10/11 16:52,0,2_10_76_100_161,2019/10/11 16:52,0,0
2019/10/11 16:53,0,2_10_76_100_161,2019/10/11 16:53,0,0
2019/10/11 16:54,0,2_10_76_100_161,2019/10/11 16:54,0,0
2019/10/11 16:55,0,2_10_76_100_161,2019/10/11 16:55,0,0
2019/10/11 16:56,0,2_10_76_100_161,2019/10/11 16:56,0,0
2019/10/11 16:57,0,2_10_76_100_161,2019/10/11 16:57,0,0
2019/10/11 16:58,0,2_10_76_100_161,2019/10/11 16:58,0,0
2019/10/11 16:59,0,2_10_76_100_161,2019/10/11 16:59,0,0
2019/10/11 17:00,0,2_10_76_100_158,2019/10/11 17:00,0,0
2019/10/11 17:01,0,2_10_76_100_158,2019/10/11 17:01,0,0
2019/10/11 17:02,0,2_10_76_100_158,2019/10/11 17:02,0,0
2019/10/11 17:03,0,2_10_76_100_158,2019/10/11 17:03,0,0
2019/10/11 17:04,0,2_10_76_100_158,2019/10/11 17:04,0,0
2019/10/11 17:05,0,2_10_76_100_158,2019/10/11 17:05,0,0
2019/10/11 17:06,0,2_10_76_100_158,2019/10/11 17:06,0,0
2019/10/11 17:07,0,2_10_76_100_158,2019/10/11 17:07,0,0
2019/10/11 17:08,0,2_10_76_100_158,2019/10/11 17:08,0,0
2019/10/11 17:09,0,2_10_76_100_158,2019/10/11 17:09,0,0
2019/10/11 17:10,0,2_10_76_100_158,2019/10/11 17:10,0,0
2019/10/11 17:11,0,2_10_76_100_158,2019/10/11 17:11,0,0
2019/10/11 17:12,0,2_10_76_100_158,2019/10/11 17:12,0,0
2019/10/11 17:13,0,2_10_76_100_158,2019/10/11 17:13,0,0
2019/10/11 17:14,0,2_10_76_100_158,2019/10/11 17:14,0,0
2019/10/11 17:15,0,2_10_76_100_145,2019/10/11 17:15,0,0
2019/10/11 17:16,0,2_10_76_100_145,2019/10/11 17:16,0,0
2019/10/11 17:17,0,2_10_76_100_145,2019/10/11 17:17,0,0
2019/10/11 17:18,0,2_10_76_100_145,2019/10/11 17:18,0,0
2019/10/11 17:19,0,2_10_76_100_145,2019/10/11 17:19,0,0
2019/10/11 17:20,0,2_10_76_100_145,2019/10/11 17:20,0,0
2019/10/11 17:21,0,2_10_76_100_145,2019/10/11 17:21,0,0
2019/10/11 17:22,0,2_10_76_100_145,2019/10/11 17:22,0,0
2019/10/11 17:23,0,2_10_76_100_145,2019/10/11 17:23,0,0
2019/10/11 17:24,0,2_10_76_100_145,2019/10/11 17:24,0,0
2019/10/11 17:25,1,2_10_76_100_136,2019/10/11 17:25,0,1
2019/10/11 17:26,1,2_10_76_100_136,2019/10/11 17:26,0,1
2019/10/11 17:27,1,2_10_76_100_136,2019/10/11 17:27,0,1
2019/10/11 17:28,1,2_10_76_100_136,2019/10/11 17:28,0,1
2019/10/11 17:29,1,2_10_76_100_136,2019/10/11 17:29,0,1
2019/10/11 17:30,0,2_10_76_100_145,2019/10/11 17:30,0,0
2019/10/11 17:31,0,2_10_76_100_145,2019/10/11 17:31,0,0
2019/10/11 17:32,0,2_10_76_100_145,2019/10/11 17:32,0,0
2019/10/11 17:33,0,2_10_76_100_145,2019/10/11 17:33,0,0
2019/10/11 17:34,0,2_10_76_100_145,2019/10/11 17:34,0,0
2019/10/11 17:35,0,2_12_88_126_565,2019/10/11 17:35,0,0
2019/10/11 17:36,0,2_12_88_126_565,2019/10/11 17:36,0,0
2019/10/11 17:37,0,2_12_88_126_565,2019/10/11 17:37,0,0
2019/10/11 17:38,0,2_12_88_126_565,2019/10/11 17:38,0,0
2019/10/11 17:39,0,2_12_88_126_565,2019/10/11 17:39,0,0
2019/10/11 17:40,0,2_10_76_100_145,2019/10/11 17:40,0,0
2019/10/11 17:41,0,2_10_76_100_145,2019/10/11 17:41,0,0
2019/10/11 17:42,0,2_10_76_100_145,2019/10/11 17:42,0,0
2019/10/11 17:43,0,2_10_76_100_145,2019/10/11 17:43,0,0
2019/10/11 17:44,0,2_10_76_100_145,2019/10/11 17:44,0,0
2019/10/11 17:45,1,2_10_76_100_136,2019/10/11 17:45,0,1
2019/10/11 17:46,1,2_10_76_100_136,2019/10/11 17:46,0,1
2019/10/11 17:47,1,2_10_76_100_136,2019/10/11 17:47,0,1
2019/10/11 17:48,1,2_10_76_100_136,2019/10/11 17:48,0,1
2019/10/11 17:49,1,2_10_76_100_136,2019/10/11 17:49,0,1
2019/10/11 17:50,1,2_10_76_100_136,2019/10/11 17:50,0,1
2019/10/11 17:51,1,2_10_76_100_136,2019/10/11 17:51,0,1
2019/10/11 17:52,1,2_10_76_100_136,2019/10/11 17:52,0,1
2019/10/11 17:53,1,2_10_76_100_136,2019/10/11 17:53,0,1
2019/10/11 17:54,1,2_10_76_100_136,2019/10/11 17:54,0,1
2019/10/11 17:55,1,2_10_76_100_136,2019/10/11 17:55,0,1
2019/10/11 17:56,1,2_10_76_100_136,2019/10/11 17:56,0,1
2019/10/11 17:57,1,2_10_76_100_136,2019/10/11 17:57,0,1
2019/10/11 17:58,1,2_10_76_100_136,2019/10/11 17:58,0,1
2019/10/11 17:59,1,2_10_76_100_136,2019/10/11 17:59,0,1
2019/10/11 18:00,0,2_10_76_100_145,2019/10/11 18:00,0,0
2019/10/11 18:01,0,2_10_76_100_145,2019/10/11 18:01,0,0
2019/10/11 18:02,0,2_10_76_100_145,2019/10/11 18:02,0,0
2019/10/11 18:03,0,2_10_76_100_145,2019/10/11 18:03,0,0
2019/10/11 18:04,0,2_10_76_100_145,2019/10/11 18:04,0,0
2019/10/11 18:05,0,2_12_88_126_565,2019/10/11 18:05,0,0
2019/10/11 18:06,0,2_12_88_126_565,2019/10/11 18:06,0,0
2019/10/11 18:07,0,2_12_88_126_565,2019/10/11 18:07,0,0
2019/10/11 18:08,0,2_12_88_126_565,2019/10/11 18:08,0,0
2019/10/11 18:09,0,2_12_88_126_565,2019/10/11 18:09,0,0
2019/10/11 18:10,0,2_12_88_126_563,2019/10/11 18:10,0,0
2019/10/11 18:11,0,2_12_88_126_563,2019/10/11 18:11,0,0
2019/10/11 18:12,0,2_12_88_126_563,2019/10/11 18:12,0,0
2019/10/11 18:13,0,2_12_88_126_563,2019/10/11 18:13,0,0
2019/10/11 18:14,0,2_12_88_126_563,2019/10/11 18:14,0,0
2019/10/11 18:15,0,2_12_88_128_539,2019/10/11 18:15,0,0
2019/10/11 18:16,0,2_12_88_128_539,2019/10/11 18:16,0,0
2019/10/11 18:17,0,2_12_88_128_539,2019/10/11 18:17,0,0
2019/10/11 18:18,0,2_12_88_128_539,2019/10/11 18:18,0,0
2019/10/11 18:19,0,2_12_88_128_539,2019/10/11 18:19,0,0
2019/10/11 18:20,0,2_12_88_128_539,2019/10/11 18:20,0,0
2019/10/11 18:21,0,2_12_88_128_539,2019/10/11 18:21,0,0
2019/10/11 18:22,0,2_12_88_128_539,2019/10/11 18:22,0,0
2019/10/11 18:23,0,2_12_88_128_539,2019/10/11 18:23,0,0
2019/10/11 18:24,0,2_12_88_126_539,2019/10/11 18:24,0,0
2019/10/11 18:25,0,2_10_76_100_158,2019/10/11 18:25,0,0
2019/10/11 18:26,0,2_10_76_100_158,2019/10/11 18:26,0,0
2019/10/11 18:27,0,2_10_76_100_158,2019/10/11 18:27,0,0
2019/10/11 18:28,0,2_10_76_100_158,2019/10/11 18:28,0,0
2019/10/11 18:29,0,2_10_76_100_158,2019/10/11 18:29,0,0
2019/10/11 18:30,0,2_10_76_100_171,2019/10/11 18:30,0,0
2019/10/11 18:31,0,2_10_76_100_171,2019/10/11 18:31,0,0
2019/10/11 18:32,0,2_10_76_100_171,2019/10/11 18:32,0,0
2019/10/11 18:33,0,2_10_76_100_171,2019/10/11 18:33,0,0
2019/10/11 18:34,0,2_10_76_100_171,2019/10/11 18:34,0,0
2019/10/11 18:35,0,2_10_76_100_161,2019/10/11 18:35,0,0
2019/10/11 18:36,0,2_10_76_100_161,2019/10/11 18:36,0,0
2019/10/11 18:37,0,2_10_76_100_161,2019/10/11 18:37,0,0
2019/10/11 18:38,0,2_10_76_100_161,2019/10/11 18:38,0,0
2019/10/11 18:39,0,2_10_76_100_161,2019/10/11 18:39,0,0
2019/10/11 18:40,0,2_12_88_126_591,2019/10/11 18:40,0,0
2019/10/11 18:41,0,2_12_88_126_591,2019/10/11 18:41,0,0
2019/10/11 18:42,0,2_12_88_126_591,2019/10/11 18:42,0,0
2019/10/11 18:43,0,2_12_88_126_591,2019/10/11 18:43,0,0
2019/10/11 18:44,0,2_12_88_126_591,2019/10/11 18:44,0,0
2019/10/11 18:45,0,2_12_88_126_578,2019/10/11 18:45,0,0
2019/10/11 18:46,0,2_12_88_126_578,2019/10/11 18:46,0,0
2019/10/11 18:47,0,2_12_88_126_578,2019/10/11 18:47,0,0
2019/10/11 18:48,0,2_12_88_126_578,2019/10/11 18:48,0,0
2019/10/11 18:49,0,2_12_88_126_578,2019/10/11 18:49,0,0
2019/10/11 18:50,0,2_12_88_126_578,2019/10/11 18:50,0,0
2019/10/11 18:51,0,2_12_88_126_578,2019/10/11 18:51,0,0
2019/10/11 18:52,0,2_12_88_126_578,2019/10/11 18:52,0,0
2019/10/11 18:53,0,2_12_88_126_578,2019/10/11 18:53,0,0
2019/10/11 18:54,0,2_12_88_126_578,2019/10/11 18:54,0,0
2019/10/11 18:55,0,2_12_88_126_578,2019/10/11 18:55,0,0
2019/10/11 18:56,0,2_12_88_126_578,2019/10/11 18:56,0,0
2019/10/11 18:57,0,2_12_88_126_578,2019/10/11 18:57,0,0
2019/10/11 18:58,0,2_12_88_126_578,2019/10/11 18:58,0,0
2019/10/11 18:59,0,2_12_88_126_578,2019/10/11 18:59,0,0
2019/10/11 19:00,0,2_12_88_128_523,2019/10/11 19:00,0,0
2019/10/11 19:01,0,2_12_88_128_523,2019/10/11 19:01,0,0
2019/10/11 19:02,0,2_12_88_128_523,2019/10/11 19:02,0,0
2019/10/11 19:03,0,2_12_88_128_523,2019/10/11 19:03,0,0
2019/10/11 19:04,0,2_12_88_128_523,2019/10/11 19:04,0,0
2019/10/11 19:05,2,2_12_88_128_514,2019/10/11 19:05,2,2
2019/10/11 19:06,2,2_12_88_128_514,2019/10/11 19:06,2,2
2019/10/11 19:07,2,2_12_88_128_514,2019/10/11 19:07,2,2
2019/10/11 19:08,2,2_12_88_128_514,2019/10/11 19:08,2,2
2019/10/11 19:09,2,2_12_88_128_514,2019/10/11 19:09,2,2
2019/10/11 19:10,0,2_12_88_128_523,2019/10/11 19:10,0,0
2019/10/11 19:11,0,2_12_88_128_523,2019/10/11 19:11,0,0
2019/10/11 19:12,0,2_12_88_128_523,2019/10/11 19:12,0,0
2019/10/11 19:13,0,2_12_88_128_523,2019/10/11 19:13,0,0
2019/10/11 19:14,0,2_12_88_128_523,2019/10/11 19:14,0,0
2019/10/11 19:15,0,2_12_88_128_523,2019/10/11 19:15,0,0
2019/10/11 19:16,0,2_12_88_128_523,2019/10/11 19:16,0,0
2019/10/11 19:17,0,2_12_88_128_523,2019/10/11 19:17,0,0
2019/10/11 19:18,0,2_12_88_128_523,2019/10/11 19:18,0,0
2019/10/11 19:19,0,2_12_88_128_523,2019/10/11 19:19,0,0
2019/10/11 19:20,0,2_12_88_128_523,2019/10/11 19:20,0,0
2019/10/11 19:21,0,2_12_88_128_523,2019/10/11 19:21,0,0
2019/10/11 19:22,0,2_12_88_128_523,2019/10/11 19:22,0,0
2019/10/11 19:23,0,2_12_88_128_523,2019/10/11 19:23,0,0
2019/10/11 19:24,0,2_12_88_128_523,2019/10/11 19:24,0,0
2019/10/11 19:25,0,2_12_88_128_523,2019/10/11 19:25,0,0
2019/10/11 19:26,0,2_12_88_128_523,2019/10/11 19:26,0,0
2019/10/11 19:27,0,2_12_88_128_523,2019/10/11 19:27,0,0
2019/10/11 19:28,0,2_12_88_128_523,2019/10/11 19:28,0,0
2019/10/11 19:29,0,2_12_88_126_523,2019/10/11 19:29,0,0
2019/10/11 19:30,0,2_10_78_104_352,2019/10/11 19:30,0,0
2019/10/11 19:31,0,2_10_78_104_352,2019/10/11 19:31,0,0
2019/10/11 19:32,0,2_10_78_104_352,2019/10/11 19:32,0,0
2019/10/11 19:33,0,2_10_78_104_352,2019/10/11 19:33,0,0
2019/10/11 19:34,0,2_10_78_104_352,2019/10/11 19:34,0,0
2019/10/11 19:35,0,2_12_90_128_523,2019/10/11 19:35,0,0
2019/10/11 19:36,0,2_12_90_128_523,2019/10/11 19:36,0,0
2019/10/11 19:37,0,2_12_90_128_523,2019/10/11 19:37,0,0
2019/10/11 19:38,0,2_12_90_128_523,2019/10/11 19:38,0,0
2019/10/11 19:39,0,2_12_90_128_523,2019/10/11 19:39,0,0
2019/10/11 19:40,2,2_12_90_128_514,2019/10/11 19:40,2,2
2019/10/11 19:41,2,2_12_90_128_514,2019/10/11 19:41,2,2
2019/10/11 19:42,2,2_12_90_128_514,2019/10/11 19:42,2,2
2019/10/11 19:43,2,2_12_90_128_514,2019/10/11 19:43,2,2
2019/10/11 19:44,2,2_12_90_128_514,2019/10/11 19:44,2,2
2019/10/11 19:45,0,2_10_78_104_354,2019/10/11 19:45,0,0
2019/10/11 19:46,0,2_10_78_104_354,2019/10/11 19:46,0,0
2019/10/11 19:47,0,2_10_78_104_354,2019/10/11 19:47,0,0
2019/10/11 19:48,0,2_10_78_104_354,2019/10/11 19:48,0,0
2019/10/11 19:49,0,2_10_78_104_354,2019/10/11 19:49,0,0
2019/10/11 19:50,0,2_12_90_128_523,2019/10/11 19:50,0,0
2019/10/11 19:51,0,2_12_90_128_523,2019/10/11 19:51,0,0
2019/10/11 19:52,0,2_12_90_128_523,2019/10/11 19:52,0,0
2019/10/11 19:53,0,2_12_90_128_523,2019/10/11 19:53,0,0
2019/10/11 19:54,0,2_12_90_128_523,2019/10/11 19:54,0,0
2019/10/11 19:55,0,2_12_90_128_523,2019/10/11 19:55,0,0
2019/10/11 19:56,0,2_12_90_128_523,2019/10/11 19:56,0,0
2019/10/11 19:57,0,2_12_90_128_523,2019/10/11 19:57,0,0
2019/10/11 19:58,0,2_12_90_128_523,2019/10/11 19:58,0,0
2019/10/11 19:59,0,2_12_90_128_523,2019/10/11 19:59,0,0
2019/10/11 20:00,2,2_12_90_128_514,2019/10/11 20:00,2,2
2019/10/11 20:01,2,2_12_90_128_514,2019/10/11 20:01,2,2
2019/10/11 20:02,2,2_12_90_128_514,2019/10/11 20:02,2,2
2019/10/11 20:03,2,2_12_90_128_514,2019/10/11 20:03,2,2
2019/10/11 20:04,2,2_12_90_128_514,2019/10/11 20:04,2,2
2019/10/11 20:05,0,2_12_90_128_523,2019/10/11 20:05,0,0
2019/10/11 20:06,0,2_12_90_128_523,2019/10/11 20:06,0,0
2019/10/11 20:07,0,2_12_90_128_523,2019/10/11 20:07,0,0
2019/10/11 20:08,0,2_12_90_128_523,2019/10/11 20:08,0,0
2019/10/11 20:09,0,2_12_90_128_523,2019/10/11 20:09,0,0
2019/10/11 20:10,0,2_10_78_104_354,2019/10/11 20:10,0,0
2019/10/11 20:11,0,2_10_78_104_354,2019/10/11 20:11,0,0
2019/10/11 20:12,0,2_10_78_104_354,2019/10/11 20:12,0,0
2019/10/11 20:13,0,2_10_78_104_354,2019/10/11 20:13,0,0
2019/10/11 20:14,0,2_10_78_104_354,2019/10/11 20:14,0,0
2019/10/11 20:15,0,2_12_90_128_523,2019/10/11 20:15,0,0
2019/10/11 20:16,0,2_12_90_128_523,2019/10/11 20:16,0,0
2019/10/11 20:17,0,2_12_90_128_523,2019/10/11 20:17,0,0
2019/10/11 20:18,0,2_12_90_128_523,2019/10/11 20:18,0,0
2019/10/11 20:19,0,2_12_90_128_523,2019/10/11 20:19,0,0
2019/10/11 20:20,0,2_10_78_104_354,2019/10/11 20:20,0,0
2019/10/11 20:21,0,2_10_78_104_354,2019/10/11 20:21,0,0
2019/10/11 20:22,0,2_10_78_104_354,2019/10/11 20:22,0,0
2019/10/11 20:23,0,2_10_78_104_354,2019/10/11 20:23,0,0
2019/10/11 20:24,0,2_10_78_104_354,2019/10/11 20:24,0,0
2019/10/11 20:25,0,2_12_90_128_523,2019/10/11 20:25,0,0
2019/10/11 20:26,0,2_12_90_128_523,2019/10/11 20:26,0,0
2019/10/11 20:27,0,2_12_90_128_523,2019/10/11 20:27,0,0
2019/10/11 20:28,0,2_12_90_128_523,2019/10/11 20:28,0,0
2019/10/11 20:29,0,2_12_90_128_523,2019/10/11 20:29,0,0
2019/10/11 20:30,0,2_25_90_128_521,2019/10/11 20:30,0,0
2019/10/11 20:31,0,2_18,2019/10/11 20:31,0,0
2019/10/11 20:32,0,2_16_78_104_352,2019/10/11 20:32,0,0
2019/10/11 20:33,0,2_18,2019/10/11 20:33,0,0
2019/10/11 20:34,0,2_16_78_104_352,2019/10/11 20:34,0,0
2019/10/11 20:35,0,2_18,2019/10/11 20:35,0,0
2019/10/11 20:36,0,2_25_90_128_523,2019/10/11 20:36,0,0
2019/10/11 20:37,0,2_25_90_128_523,2019/10/11 20:37,0,0
2019/10/11 20:38,0,2_25_90_128_523,2019/10/11 20:38,0,0
2019/10/11 20:39,0,2_18,2019/10/11 20:39,0,0
2019/10/11 20:40,0,2_25_90_128_523,2019/10/11 20:40,0,0
2019/10/11 20:41,0,2_25_90_128_523,2019/10/11 20:41,0,0
2019/10/11 20:42,0,2_25_90_128_523,2019/10/11 20:42,0,0
2019/10/11 20:43,0,2_25_90_128_523,2019/10/11 20:43,0,0
2019/10/11 20:44,0,2_25_90_128_523,2019/10/11 20:44,0,0
2019/10/11 20:45,2,2_12_90_128_514,2019/10/11 20:45,2,2
2019/10/11 20:46,2,2_12_90_128_514,2019/10/11 20:46,2,2
2019/10/11 20:47,2,2_12_90_128_514,2019/10/11 20:47,2,2
2019/10/11 20:48,2,2_12_90_128_514,2019/10/11 20:48,2,2
2019/10/11 20:49,2,2_12_90_128_514,2019/10/11 20:49,2,2
2019/10/11 20:50,0,2_12_90_128_523,2019/10/11 20:50,0,0
2019/10/11 20:51,0,2_12_90_128_523,2019/10/11 20:51,0,0
2019/10/11 20:52,0,2_12_90_128_523,2019/10/11 20:52,0,0
2019/10/11 20:53,0,2_12_90_128_523,2019/10/11 20:53,0,0
2019/10/11 20:54,0,2_12_90_128_523,2019/10/11 20:54,0,0
2019/10/11 20:55,0,2_12_90_128_523,2019/10/11 20:55,0,0
2019/10/11 20:56,0,2_12_90_128_523,2019/10/11 20:56,0,0
2019/10/11 20:57,0,2_12_90_128_523,2019/10/11 20:57,0,0
2019/10/11 20:58,0,2_12_90_128_523,2019/10/11 20:58,0,0
2019/10/11 20:59,0,2_12_90_128_523,2019/10/11 20:59,0,0
2019/10/11 21:00,0,2_12_90_128_523,2019/10/11 21:00,0,0
2019/10/11 21:01,0,2_12_90_128_523,2019/10/11 21:01,0,0
2019/10/11 21:02,0,2_12_90_128_523,2019/10/11 21:02,0,0
2019/10/11 21:03,0,2_12_90_128_523,2019/10/11 21:03,0,0
2019/10/11 21:04,0,2_12_90_128_523,2019/10/11 21:04,0,0
2019/10/11 21:05,0,2_10_78_104_354,2019/10/11 21:05,0,0
2019/10/11 21:06,0,2_10_78_104_354,2019/10/11 21:06,0,0
2019/10/11 21:07,0,2_10_78_104_354,2019/10/11 21:07,0,0
2019/10/11 21:08,0,2_10_78_104_354,2019/10/11 21:08,0,0
2019/10/11 21:09,0,2_10_78_104_354,2019/10/11 21:09,0,0
2019/10/11 21:10,0,2_12_90_128_523,2019/10/11 21:10,0,0
2019/10/11 21:11,0,2_12_90_128_523,2019/10/11 21:11,0,0
2019/10/11 21:12,0,2_12_90_128_523,2019/10/11 21:12,0,0
2019/10/11 21:13,0,2_12_90_128_523,2019/10/11 21:13,0,0
2019/10/11 21:14,0,2_12_90_128_523,2019/10/11 21:14,0,0
2019/10/11 21:15,0,2_25_90_128_523,2019/10/11 21:15,0,0
2019/10/11 21:16,0,2_25_90_128_523,2019/10/11 21:16,0,0
2019/10/11 21:17,0,2_25_90_128_523,2019/10/11 21:17,0,0
2019/10/11 21:18,0,2_25_90_128_523,2019/10/11 21:18,0,0
2019/10/11 21:19,0,2_25_90_128_523,2019/10/11 21:19,0,0
2019/10/11 21:20,0,2_18,2019/10/11 21:20,0,0
2019/10/11 21:21,0,2_18,2019/10/11 21:21,0,0
2019/10/11 21:22,0,2_16_78_104_354,2019/10/11 21:22,0,0
2019/10/11 21:23,0,2_16_78_104_354,2019/10/11 21:23,0,0
2019/10/11 21:24,0,2_16_78_104_354,2019/10/11 21:24,0,0
2019/10/11 21:25,0,2_16_78_104_352,2019/10/11 21:25,0,0
2019/10/11 21:26,0,2_16_78_104_352,2019/10/11 21:26,0,0
2019/10/11 21:27,0,2_16_78_104_352,2019/10/11 21:27,0,0
2019/10/11 21:28,0,2_16_78_104_352,2019/10/11 21:28,0,0
2019/10/11 21:29,0,2_16_78_104_352,2019/10/11 21:29,0,0
2019/10/11 21:30,0,2_16_78_100_161,2019/10/11 21:30,0,0
2019/10/11 21:31,0,2_16_78_100_161,2019/10/11 21:31,0,0
2019/10/11 21:32,0,2_23,2019/10/11 21:32,0,0
2019/10/11 21:33,0,2_16_78_100_161,2019/10/11 21:33,0,0
2019/10/11 21:34,0,2_16_78_100_161,2019/10/11 21:34,0,0
2019/10/11 21:35,0,2_16_78_100_161,2019/10/11 21:35,0,0
2019/10/11 21:36,0,2_16_78_100_161,2019/10/11 21:36,0,0
2019/10/11 21:37,0,2_16_78_100_161,2019/10/11 21:37,0,0
2019/10/11 21:38,0,2_16_78_100_161,2019/10/11 21:38,0,0
2019/10/11 21:39,0,2_16_78_100_161,2019/10/11 21:39,0,0
2019/10/11 21:40,0,2_16_78_100_161,2019/10/11 21:40,0,0
2019/10/11 21:41,0,2_16_78_100_161,2019/10/11 21:41,0,0
2019/10/11 21:42,0,2_16_78_100_161,2019/10/11 21:42,0,0
2019/10/11 21:43,0,2_23,2019/10/11 21:43,0,0
2019/10/11 21:44,0,2_23,2019/10/11 21:44,0,0
2019/10/11 21:45,0,2_10_78_100_161,2019/10/11 21:45,0,0
2019/10/11 21:46,0,2_10_78_100_161,2019/10/11 21:46,0,0
2019/10/11 21:47,0,2_10_78_100_161,2019/10/11 21:47,0,0
2019/10/11 21:48,0,2_10_78_100_161,2019/10/11 21:48,0,0
2019/10/11 21:49,0,2_10_78_100_161,2019/10/11 21:49,0,0
2019/10/11 21:50,0,2_10_78_100_171,2019/10/11 21:50,0,0
2019/10/11 21:51,0,2_10_78_100_171,2019/10/11 21:51,0,0
2019/10/11 21:52,0,2_10_78_100_171,2019/10/11 21:52,0,0
2019/10/11 21:53,0,2_10_78_100_171,2019/10/11 21:53,0,0
2019/10/11 21:54,0,2_10_78_104_256,2019/10/11 21:54,0,0
2019/10/11 21:55,0,2_12_90_128_591,2019/10/11 21:55,0,0
2019/10/11 21:56,0,2_12_90_128_591,2019/10/11 21:56,0,0
2019/10/11 21:57,0,2_12_90_128_591,2019/10/11 21:57,0,0
2019/10/11 21:58,0,2_12_90_128_591,2019/10/11 21:58,0,0
2019/10/11 21:59,0,2_12_90_126_591,2019/10/11 21:59,0,0
2019/10/11 22:00,0,2_10_76_100_158,2019/10/11 22:00,0,0
2019/10/11 22:01,0,2_10_76_100_158,2019/10/11 22:01,0,0
2019/10/11 22:02,0,2_10_76_100_158,2019/10/11 22:02,0,0
2019/10/11 22:03,0,2_10_76_100_158,2019/10/11 22:03,0,0
2019/10/11 22:04,0,2_10_76_100_158,2019/10/11 22:04,0,0
2019/10/11 22:05,0,2_10_76_100_158,2019/10/11 22:05,0,0
2019/10/11 22:06,0,2_10_76_100_158,2019/10/11 22:06,0,0
2019/10/11 22:07,0,2_10_76_100_158,2019/10/11 22:07,0,0
2019/10/11 22:08,0,2_10_76_100_158,2019/10/11 22:08,0,0
2019/10/11 22:09,0,2_10_76_100_158,2019/10/11 22:09,0,0
2019/10/11 22:10,0,2_12_88_126_578,2019/10/11 22:10,0,0
2019/10/11 22:11,0,2_12_88_126_578,2019/10/11 22:11,0,0
2019/10/11 22:12,0,2_12_88_126_578,2019/10/11 22:12,0,0
2019/10/11 22:13,0,2_12_88_126_578,2019/10/11 22:13,0,0
2019/10/11 22:14,0,2_12_88_126_578,2019/10/11 22:14,0,0
2019/10/11 22:15,0,2_10_76_100_158,2019/10/11 22:15,0,0
2019/10/11 22:16,0,2_10_76_100_158,2019/10/11 22:16,0,0
2019/10/11 22:17,0,2_10_76_100_158,2019/10/11 22:17,0,0
2019/10/11 22:18,0,2_10_76_100_158,2019/10/11 22:18,0,0
2019/10/11 22:19,0,2_10_76_100_158,2019/10/11 22:19,0,0
2019/10/11 22:20,0,2_12_88_126_578,2019/10/11 22:20,0,0
2019/10/11 22:21,0,2_12_88_126_578,2019/10/11 22:21,0,0
2019/10/11 22:22,0,2_12_88_126_578,2019/10/11 22:22,0,0
2019/10/11 22:23,0,2_12_88_126_578,2019/10/11 22:23,0,0
2019/10/11 22:24,0,2_12_88_126_578,2019/10/11 22:24,0,0
2019/10/11 22:25,0,2_10_76_100_158,2019/10/11 22:25,0,0
2019/10/11 22:26,0,2_10_76_100_158,2019/10/11 22:26,0,0
2019/10/11 22:27,0,2_10_76_100_158,2019/10/11 22:27,0,0
2019/10/11 22:28,0,2_10_76_100_158,2019/10/11 22:28,0,0
2019/10/11 22:29,0,2_10_76_100_158,2019/10/11 22:29,0,0
2019/10/11 22:30,1,2_10_76_100_149,2019/10/11 22:30,0,1
2019/10/11 22:31,1,2_10_76_100_149,2019/10/11 22:31,0,1
2019/10/11 22:32,1,2_10_76_100_149,2019/10/11 22:32,0,1
2019/10/11 22:33,1,2_10_76_100_149,2019/10/11 22:33,0,1
2019/10/11 22:34,1,2_10_76_100_149,2019/10/11 22:34,0,1
2019/10/11 22:35,0,2_10_76_100_158,2019/10/11 22:35,0,0
2019/10/11 22:36,0,2_10_76_100_158,2019/10/11 22:36,0,0
2019/10/11 22:37,0,2_10_76_100_158,2019/10/11 22:37,0,0
2019/10/11 22:38,0,2_10_76_100_158,2019/10/11 22:38,0,0
2019/10/11 22:39,0,2_10_76_100_158,2019/10/11 22:39,0,0
2019/10/11 22:40,1,2_10_76_100_149,2019/10/11 22:40,0,1
2019/10/11 22:41,1,2_10_76_100_149,2019/10/11 22:41,0,1
2019/10/11 22:42,1,2_10_76_100_149,2019/10/11 22:42,0,1
2019/10/11 22:43,1,2_10_76_100_149,2019/10/11 22:43,0,1
2019/10/11 22:44,1,2_10_76_100_149,2019/10/11 22:44,0,1
2019/10/11 22:45,0,2_12_88_128_523,2019/10/11 22:45,0,0
2019/10/11 22:46,0,2_12_88_128_523,2019/10/11 22:46,0,0
2019/10/11 22:47,0,2_12_88_128_523,2019/10/11 22:47,0,0
2019/10/11 22:48,0,2_12_88_128_523,2019/10/11 22:48,0,0
2019/10/11 22:49,0,2_12_88_128_523,2019/10/11 22:49,0,0
2019/10/11 22:50,2,2_12_88_128_514,2019/10/11 22:50,2,2
2019/10/11 22:51,2,2_12_88_128_514,2019/10/11 22:51,2,2
2019/10/11 22:52,2,2_12_88_128_514,2019/10/11 22:52,2,2
2019/10/11 22:53,2,2_12_88_128_514,2019/10/11 22:53,2,2
2019/10/11 22:54,2,2_12_88_128_514,2019/10/11 22:54,2,2
2019/10/11 22:55,2,2_12_88_128_514,2019/10/11 22:55,2,2
2019/10/11 22:56,2,2_12_88_128_514,2019/10/11 22:56,2,2
2019/10/11 22:57,2,2_12_88_128_514,2019/10/11 22:57,2,2
2019/10/11 22:58,2,2_12_88_128_514,2019/10/11 22:58,2,2
2019/10/11 22:59,2,2_12_88_128_514,2019/10/11 22:59,2,2
2019/10/11 23:00,2,2_12_90_128_514,2019/10/11 23:00,2,2
2019/10/11 23:01,2,2_12_90_128_514,2019/10/11 23:01,2,2
2019/10/11 23:02,2,2_12_90_128_514,2019/10/11 23:02,2,2
2019/10/11 23:03,2,2_12_90_128_514,2019/10/11 23:03,2,2
2019/10/11 23:04,2,2_12_90_128_514,2019/10/11 23:04,2,2
2019/10/11 23:05,2,2_12_90_128_514,2019/10/11 23:05,2,2
2019/10/11 23:06,2,2_12_90_128_514,2019/10/11 23:06,2,2
2019/10/11 23:07,2,2_12_90_128_514,2019/10/11 23:07,2,2
2019/10/11 23:08,2,2_12_90_128_514,2019/10/11 23:08,2,2
2019/10/11 23:09,2,2_12_90_128_514,2019/10/11 23:09,2,2
2019/10/11 23:10,2,2_12_90_128_514,2019/10/11 23:10,2,2
2019/10/11 23:11,2,2_12_90_128_514,2019/10/11 23:11,2,2
2019/10/11 23:12,2,2_12_90_128_514,2019/10/11 23:12,2,2
2019/10/11 23:13,2,2_12_90_128_514,2019/10/11 23:13,2,2
2019/10/11 23:14,2,2_12_90_128_514,2019/10/11 23:14,2,2
2019/10/11 23:15,2,2_12_90_128_514,2019/10/11 23:15,2,2
2019/10/11 23:16,2,2_12_90_128_514,2019/10/11 23:16,2,2
2019/10/11 23:17,2,2_12_90_128_514,2019/10/11 23:17,2,2
2019/10/11 23:18,2,2_12_90_128_514,2019/10/11 23:18,2,2
2019/10/11 23:19,2,2_12_90_128_514,2019/10/11 23:19,2,2
2019/10/11 23:20,0,2_12_90_128_523,2019/10/11 23:20,0,0
2019/10/11 23:21,0,2_12_90_128_523,2019/10/11 23:21,0,0
2019/10/11 23:22,0,2_12_90_128_523,2019/10/11 23:22,0,0
2019/10/11 23:23,0,2_12_90_128_523,2019/10/11 23:23,0,0
2019/10/11 23:24,0,2_12_90_128_523,2019/10/11 23:24,0,0
2019/10/11 23:25,0,2_10_78_104_354,2019/10/11 23:25,0,0
2019/10/11 23:26,0,2_10_78_104_354,2019/10/11 23:26,0,0
2019/10/11 23:27,0,2_10_78_104_354,2019/10/11 23:27,0,0
2019/10/11 23:28,0,2_10_78_104_354,2019/10/11 23:28,0,0
2019/10/11 23:29,0,2_10_78_104_354,2019/10/11 23:29,0,0
2019/10/11 23:30,0,2_10_78_104_326,2019/10/11 23:30,0,0
2019/10/11 23:31,0,2_10_78_104_326,2019/10/11 23:31,0,0
2019/10/11 23:32,0,2_10_78_104_326,2019/10/11 23:32,0,0
2019/10/11 23:33,0,2_10_78_104_326,2019/10/11 23:33,0,0
2019/10/11 23:34,0,2_10_78_104_326,2019/10/11 23:34,0,0
2019/10/11 23:35,0,2_10_78_104_326,2019/10/11 23:35,0,0
2019/10/11 23:36,0,2_10_78_104_326,2019/10/11 23:36,0,0
2019/10/11 23:37,0,2_10_78_104_326,2019/10/11 23:37,0,0
2019/10/11 23:38,0,2_10_78_104_326,2019/10/11 23:38,0,0
2019/10/11 23:39,0,2_10_78_104_326,2019/10/11 23:39,0,0
2019/10/11 23:40,0,2_10_78_104_326,2019/10/11 23:40,0,0
2019/10/11 23:41,0,2_10_78_104_326,2019/10/11 23:41,0,0
2019/10/11 23:42,0,2_10_78_104_326,2019/10/11 23:42,0,0
2019/10/11 23:43,0,2_10_78_104_326,2019/10/11 23:43,0,0
2019/10/11 23:44,0,2_10_78_104_326,2019/10/11 23:44,0,0
2019/10/11 23:45,0,2_10_78_104_324,2019/10/11 23:45,0,0
