Time,,
2019/10/09,2881,CO-2-16330-M1-09_Common-UJ-,,,
2019/10/09 0:01:00,2882,CO-2-16330-M1-09_Common-UJ-,,,
2019/10/09 0:02:00,2883,CO-2-16330-M1-09_Common-UJ-,,,
2019/10/09 0:03:00,2884,CO-2-16330-M1-09_Common-UJ-,,,
2019/10/09 0:04:00,2885,CO-2-16330-M1-09_Common-UJ-,,,
2019/10/09 0:05:00,2886,CO-2-16330-M1-09_Common-UJ-,,,
2019/10/09 0:06:00,2887,CO-2-16330-M1-09_Common-UJ-,,,
2019/10/09 0:07:00,2888,CO-2-16330-M1-09_Common-UJ-,,,
2019/10/09 0:08:00,2889,CO-2-16330-M1-09_Common-UJ-,,,
2019/10/09 0:09:00,2890,CO-2-16330-M1-09_Common-UJ-,,,
2019/10/09 0:10:00,2891,CO-2-16330-M1-09_Common-UJ-,,,
2019/10/09 0:11:00,2892,CO-2-16330-M1-09_Common-UJ-,,,
2019/10/09 0:12:00,2893,CO-2-16330-M1-09_Common-UJ-,,,
2019/10/09 0:13:00,2894,CO-2-16330-M1-09_Common-UJ-,,,
2019/10/09 0:14:00,2895,CO-2-16330-M1-09_Common-UJ-,,,
2019/10/09 0:15:00,2896,CO-2-16330-M1-09_Common-UJ-,,,
2019/10/09 0:16:00,2897,CO-2-16330-M1-09_Common-UJ-,,,
2019/10/09 0:17:00,2898,CO-2-16330-M1-09_Common-UJ-,,,
2019/10/09 0:18:00,2899,CO-2-16330-M1-09_Common-UJ-,,,
2019/10/09 0:19:00,2900,CO-2-16330-M1-09_Common-UJ-,,,
2019/10/09 0:20:00,2901,CO-2-16330-M1-09_Common-UJ-,,,
2019/10/09 0:21:00,2902,CO-2-16330-M1-09_Common-UJ-,,,
2019/10/09 0:22:00,2903,CO-2-16330-M1-09_Common-UJ-,,,
2019/10/09 0:23:00,2904,CO-2-16330-M1-09_Common-UJ-,,,
2019/10/09 0:24:00,2905,CO-2-16330-M1-09_Common-UJ-,,,
2019/10/09 0:25:00,2906,CO-2-16330-M1-09_Common-UJ-,,,
2019/10/09 0:26:00,2907,CO-2-16330-M1-09_Common-UJ-,,,
2019/10/09 0:27:00,2908,CO-2-16330-M1-09_Common-UJ-,,,
2019/10/09 0:28:00,2909,CO-2-16330-M1-09_Common-UJ-,,,
2019/10/09 0:29:00,2910,CO-2-16330-M1-09_Common-UJ-,,,
2019/10/09 0:30:00,2911,CO-2-16330-M1-09_Common-UJ-,,,
2019/10/09 0:31:00,2912,CO-2-16330-M1-09_Common-UJ-,,,
2019/10/09 0:32:00,2913,CO-2-16330-M1-09_Common-UJ-,,,
2019/10/09 0:33:00,2914,CO-2-16330-M1-09_Common-UJ-,,,
2019/10/09 0:34:00,2915,CO-2-16330-M1-09_Common-UJ-,,,
2019/10/09 0:35:00,2916,CO-2-16330-M1-09_Common-UJ-,,,
2019/10/09 0:36:00,2917,CO-2-16330-M1-09_Common-UJ-,,,
2019/10/09 0:37:00,2918,CO-2-16330-M1-09_Common-UJ-,,,
2019/10/09 0:38:00,2919,CO-2-16330-M1-09_Common-UJ-,,,
2019/10/09 0:39:00,2920,CO-2-16330-M1-09_Common-UJ-,,,
2019/10/09 0:40:00,2921,CO-2-16330-M1-09_Common-UJ-,,,
2019/10/09 0:41:00,2922,CO-2-16330-M1-09_Common-UJ-,,,
2019/10/09 0:42:00,2923,CO-2-16330-M1-09_Common-UJ-,,,
2019/10/09 0:43:00,2924,CO-2-16330-M1-09_Common-UJ-,,,
2019/10/09 0:44:00,2925,CO-2-16330-M1-09_Common-UJ-,,,
2019/10/09 0:45:00,2926,CO-2-16330-M1-09_Common-UJ-,,,
2019/10/09 0:46:00,2927,CO-2-16330-M1-09_Common-UJ-,,,
2019/10/09 0:47:00,2928,CO-2-16330-M1-09_Common-UJ-,,,
2019/10/09 0:48:00,2929,CO-2-16330-M1-09_Common-UJ-,,,
2019/10/09 0:49:00,2930,CO-2-16330-M1-09_Common-UJ-,,,
2019/10/09 0:50:00,2931,CO-2-16330-M1-09_Common-UJ-,,,
2019/10/09 0:51:00,2932,CO-2-16330-M1-09_Common-UJ-,,,
2019/10/09 0:52:00,2933,CO-2-16330-M1-09_Common-UJ-,,,
2019/10/09 0:53:00,2934,CO-2-16330-M1-09_Common-UJ-,,,
2019/10/09 0:54:00,2935,CO-2-16330-M1-09_Common-UJ-,,,
2019/10/09 0:55:00,2936,CO-2-16330-M1-09_Common-UJ-,,,
2019/10/09 0:56:00,2937,CO-2-16330-M1-09_Common-UJ-,,,
2019/10/09 0:57:00,2938,CO-2-16330-M1-09_Common-UJ-,,,
2019/10/09 0:58:00,2939,CO-2-16330-M1-09_Common-UJ-,,,
2019/10/09 0:59:00,2940,CO-2-16330-M1-09_Common-UJ-,,,
2019/10/09 1:00:00,2941,CO-2-16330-M1-09_Common-UJ-,,,
2019/10/09 1:01:00,2942,CO-2-16330-M1-09_Common-UJ-,,,
2019/10/09 1:02:00,2943,CO-2-16330-M1-09_Common-UJ-,,,
2019/10/09 1:03:00,2944,CO-2-16330-M1-09_Common-UJ-,,,
2019/10/09 1:04:00,2945,CO-2-16330-M1-09_Common-UJ-,,,
2019/10/09 1:05:00,2946,CO-2-16330-M1-09_Common-UJ-,,,
2019/10/09 1:06:00,2947,CO-2-16330-M1-09_Common-UJ-,,,
2019/10/09 1:07:00,2948,CO-2-16330-M1-09_Common-UJ-,,,
2019/10/09 1:08:00,2949,CO-2-16330-M1-09_Common-UJ-,,,
2019/10/09 1:09:00,2950,CO-2-16330-M1-09_Common-UJ-,,,
2019/10/09 1:10:00,2951,CO-2-16330-M1-09_Common-UJ-,,,
2019/10/09 1:11:00,2952,CO-2-16330-M1-09_Common-UJ-,,,
2019/10/09 1:12:00,2953,CO-2-16330-M1-09_Common-UJ-,,,
2019/10/09 1:13:00,2954,CO-2-16330-M1-09_Common-UJ-,,,
2019/10/09 1:14:00,2955,CO-2-16330-M1-09_Common-UJ-,,,
2019/10/09 1:15:00,2956,CO-2-16330-M1-09_Common-UJ-,,,
2019/10/09 1:16:00,2957,CO-2-16330-M1-09_Common-UJ-,,,
2019/10/09 1:17:00,2958,CO-2-16330-M1-09_Common-UJ-,,,
2019/10/09 1:18:00,2959,CO-2-16330-M1-09_Common-UJ-,,,
2019/10/09 1:19:00,2960,CO-2-16330-M1-09_Common-UJ-,,,
2019/10/09 1:20:00,2961,CO-2-16330-M1-09_Common-UJ-,,,
2019/10/09 1:21:00,2962,CO-2-16330-M1-09_Common-UJ-,,,
2019/10/09 1:22:00,2963,CO-2-16330-M1-09_Common-UJ-,,,
2019/10/09 1:23:00,2964,CO-2-16330-M1-09_Common-UJ-,,,
2019/10/09 1:24:00,2965,CO-2-16330-M1-09_Common-UJ-,,,
2019/10/09 1:25:00,2966,CO-2-16330-M1-09_Common-UJ-,,,
2019/10/09 1:26:00,2967,CO-2-16330-M1-09_Common-UJ-,,,
2019/10/09 1:27:00,2968,CO-2-16330-M1-09_Common-UJ-,,,
2019/10/09 1:28:00,2969,CO-2-16330-M1-09_Common-UJ-,,,
2019/10/09 1:29:00,2970,CO-2-16330-M1-09_Common-UJ-,,,
2019/10/09 1:30:00,2971,CO-2-16330-M1-09_Common-UJ-,,,
2019/10/09 1:31:00,2972,CO-2-16330-M1-09_Common-UJ-,,,
2019/10/09 1:32:00,2973,CO-2-16330-M1-09_Common-UJ-,,,
2019/10/09 1:33:00,2974,CO-2-16330-M1-09_Common-UJ-,,,
2019/10/09 1:34:00,2975,CO-2-16330-M1-09_Common-UJ-,,,
2019/10/09 1:35:00,2976,CO-2-16330-M1-09_Common-UJ-,,,
2019/10/09 1:36:00,2977,CO-2-16330-M1-09_Common-UJ-,,,
2019/10/09 1:37:00,2978,CO-2-16330-M1-09_Common-UJ-,,,
2019/10/09 1:38:00,2979,CO-2-16330-M1-09_Common-UJ-,,,
2019/10/09 1:39:00,2980,CO-2-16330-M1-09_Common-UJ-,,,
2019/10/09 1:40:00,2981,CO-2-16330-M1-09_Common-UJ-,,,
2019/10/09 1:41:00,2982,CO-2-16330-M1-09_Common-UJ-,,,
2019/10/09 1:42:00,2983,CO-2-16330-M1-09_Common-UJ-,,,
2019/10/09 1:43:00,2984,CO-2-16330-M1-09_Common-UJ-,,,
2019/10/09 1:44:00,2985,CO-2-16330-M1-09_Common-UJ-,,,
2019/10/09 1:45:00,2986,CO-2-16330-M1-09_Common-UJ-,,,
2019/10/09 1:46:00,2987,CO-2-16330-M1-09_Common-UJ-,,,
2019/10/09 1:47:00,2988,CO-2-16330-M1-09_Common-UJ-,,,
2019/10/09 1:48:00,2989,CO-2-16330-M1-09_Common-UJ-,,,
2019/10/09 1:49:00,2990,CO-2-16330-M1-09_Common-UJ-,,,
2019/10/09 1:50:00,2991,CO-2-16330-M1-09_Common-UJ-,,,
2019/10/09 1:51:00,2992,CO-2-16330-M1-09_Common-UJ-,,,
2019/10/09 1:52:00,2993,CO-2-16330-M1-09_Common-UJ-,,,
2019/10/09 1:53:00,2994,CO-2-16330-M1-09_Common-UJ-,,,
2019/10/09 1:54:00,2995,CO-2-16330-M1-09_Common-UJ-,,,
2019/10/09 1:55:00,2996,CO-2-16330-M1-09_Common-UJ-,,,
2019/10/09 1:56:00,2997,CO-2-16330-M1-09_Common-UJ-,,,
2019/10/09 1:57:00,2998,CO-2-16330-M1-09_Common-UJ-,,,
2019/10/09 1:58:00,2999,CO-2-16330-M1-09_Common-UJ-,,,
2019/10/09 1:59:00,3000,CO-2-16330-M1-09_Common-UJ-,,,
2019/10/09 2:00:00,3001,CO-2-16330-M1-09_Common-UJ-,,,
2019/10/09 2:01:00,3002,CO-2-16330-M1-09_Common-UJ-,,,
2019/10/09 2:02:00,3003,CO-2-16330-M1-09_Common-UJ-,,,
2019/10/09 2:03:00,3004,CO-2-16330-M1-09_Common-UJ-,,,
2019/10/09 2:04:00,3005,CO-2-16330-M1-09_Common-UJ-,,,
2019/10/09 2:05:00,3006,CO-2-16330-M1-09_Common-UJ-,,,
2019/10/09 2:06:00,3007,CO-2-16330-M1-09_Common-UJ-,,,
2019/10/09 2:07:00,3008,CO-2-16330-M1-09_Common-UJ-,,,
2019/10/09 2:08:00,3009,CO-2-16330-M1-09_Common-UJ-,,,
2019/10/09 2:09:00,3010,CO-2-16330-M1-09_Common-UJ-,,,
2019/10/09 2:10:00,3011,CO-2-16330-M1-09_Common-UJ-,,,
2019/10/09 2:11:00,3012,CO-2-16330-M1-09_Common-UJ-,,,
2019/10/09 2:12:00,3013,CO-2-16330-M1-09_Common-UJ-,,,
2019/10/09 2:13:00,3014,CO-2-16330-M1-09_Common-UJ-,,,
2019/10/09 2:14:00,3015,CO-2-16330-M1-09_Common-UJ-,,,
2019/10/09 2:15:00,3016,CO-2-16330-M1-09_Common-UJ-,,,
2019/10/09 2:16:00,3017,CO-2-16330-M1-09_Common-UJ-,,,
2019/10/09 2:17:00,3018,CO-2-16330-M1-09_Common-UJ-,,,
2019/10/09 2:18:00,3019,CO-2-16330-M1-09_Common-UJ-,,,
2019/10/09 2:19:00,3020,CO-2-16330-M1-09_Common-UJ-,,,
2019/10/09 2:20:00,3021,CO-2-16330-M1-09_Common-UJ-,,,
2019/10/09 2:21:00,3022,CO-2-16330-M1-09_Common-UJ-,,,
2019/10/09 2:22:00,3023,CO-2-16330-M1-09_Common-UJ-,,,
2019/10/09 2:23:00,3024,CO-2-16330-M1-09_Common-UJ-,,,
2019/10/09 2:24:00,3025,CO-2-16330-M1-09_Common-UJ-,,,
2019/10/09 2:25:00,3026,CO-2-16330-M1-09_Common-UJ-,,,
2019/10/09 2:26:00,3027,CO-2-16330-M1-09_Common-UJ-,,,
2019/10/09 2:27:00,3028,CO-2-16330-M1-09_Common-UJ-,,,
2019/10/09 2:28:00,3029,CO-2-16330-M1-09_Common-UJ-,,,
2019/10/09 2:29:00,3030,CO-2-16330-M1-09_Common-UJ-,,,
2019/10/09 2:30:00,3031,CO-2-16330-M1-09_Common-UJ-,,,
2019/10/09 2:31:00,3032,CO-2-16330-M1-09_Common-UJ-,,,
2019/10/09 2:32:00,3033,CO-2-16330-M1-09_Common-UJ-,,,
2019/10/09 2:33:00,3034,CO-2-16330-M1-09_Common-UJ-,,,
2019/10/09 2:34:00,3035,CO-2-16330-M1-09_Common-UJ-,,,
2019/10/09 2:35:00,3036,CO-2-16330-M1-09_Common-UJ-,,,
2019/10/09 2:36:00,3037,CO-2-16330-M1-09_Common-UJ-,,,
2019/10/09 2:37:00,3038,CO-2-16330-M1-09_Common-UJ-,,,
2019/10/09 2:38:00,3039,CO-2-16330-M1-09_Common-UJ-,,,
2019/10/09 2:39:00,3040,CO-2-16330-M1-09_Common-UJ-,,,
2019/10/09 2:40:00,3041,CO-2-16330-M1-09_Common-UJ-,,,
2019/10/09 2:41:00,3042,CO-2-16330-M1-09_Common-UJ-,,,
2019/10/09 2:42:00,3043,CO-2-16330-M1-09_Common-UJ-,,,
2019/10/09 2:43:00,3044,CO-2-16330-M1-09_Common-UJ-,,,
2019/10/09 2:44:00,3045,CO-2-16330-M1-09_Common-UJ-,,,
2019/10/09 2:45:00,3046,CO-2-16330-M1-09_Common-UJ-,,,
2019/10/09 2:46:00,3047,CO-2-16330-M1-09_Common-UJ-,,,
2019/10/09 2:47:00,3048,CO-2-16330-M1-09_Common-UJ-,,,
2019/10/09 2:48:00,3049,CO-2-16330-M1-09_Common-UJ-,,,
2019/10/09 2:49:00,3050,CO-2-16330-M1-09_Common-UJ-,,,
2019/10/09 2:50:00,3051,CO-2-16330-M1-09_Common-UJ-,,,
2019/10/09 2:51:00,3052,CO-2-16330-M1-09_Common-UJ-,,,
2019/10/09 2:52:00,3053,CO-2-16330-M1-09_Common-UJ-,,,
2019/10/09 2:53:00,3054,CO-2-16330-M1-09_Common-UJ-,,,
2019/10/09 2:54:00,3055,CO-2-16330-M1-09_Common-UJ-,,,
2019/10/09 2:55:00,3056,CO-2-16330-M1-09_Common-UJ-,,,
2019/10/09 2:56:00,3057,CO-2-16330-M1-09_Common-UJ-,,,
2019/10/09 2:57:00,3058,CO-2-16330-M1-09_Common-UJ-,,,
2019/10/09 2:58:00,3059,CO-2-16330-M1-09_Common-UJ-,,,
2019/10/09 2:59:00,3060,CO-2-16330-M1-09_Common-UJ-,,,
2019/10/09 3:00:00,3061,CO-2-16330-M1-09_Common-UJ-,,,
2019/10/09 3:01:00,3062,CO-2-16330-M1-09_Common-UJ-,,,
2019/10/09 3:02:00,3063,CO-2-16330-M1-09_Common-UJ-,,,
2019/10/09 3:03:00,3064,CO-2-16330-M1-09_Common-UJ-,,,
2019/10/09 3:04:00,3065,CO-2-16330-M1-09_Common-UJ-,,,
2019/10/09 3:05:00,3066,CO-2-16330-M1-09_Common-UJ-,,,
2019/10/09 3:06:00,3067,CO-2-16330-M1-09_Common-UJ-,,,
2019/10/09 3:07:00,3068,CO-2-16330-M1-09_Common-UJ-,,,
2019/10/09 3:08:00,3069,CO-2-16330-M1-09_Common-UJ-,,,
2019/10/09 3:09:00,3070,CO-2-16330-M1-09_Common-UJ-,,,
2019/10/09 3:10:00,3071,CO-2-16330-M1-09_Common-UJ-,,,
2019/10/09 3:11:00,3072,CO-2-16330-M1-09_Common-UJ-,,,
2019/10/09 3:12:00,3073,CO-2-16330-M1-09_Common-UJ-,,,
2019/10/09 3:13:00,3074,CO-2-16330-M1-09_Common-UJ-,,,
2019/10/09 3:14:00,3075,CO-2-16330-M1-09_Common-UJ-,,,
2019/10/09 3:15:00,3076,CO-2-16330-M1-09_Common-UJ-,,,
2019/10/09 3:16:00,3077,CO-2-16330-M1-09_Common-UJ-,,,
2019/10/09 3:17:00,3078,CO-2-16330-M1-09_Common-UJ-,,,
2019/10/09 3:18:00,3079,CO-2-16330-M1-09_Common-UJ-,,,
2019/10/09 3:19:00,3080,CO-2-16330-M1-09_Common-UJ-,,,
2019/10/09 3:20:00,3081,CO-2-16330-M1-09_Common-UJ-,,,
2019/10/09 3:21:00,3082,CO-2-16330-M1-09_Common-UJ-,,,
2019/10/09 3:22:00,3083,CO-2-16330-M1-09_Common-UJ-,,,
2019/10/09 3:23:00,3084,CO-2-16330-M1-09_Common-UJ-,,,
2019/10/09 3:24:00,3085,CO-2-16330-M1-09_Common-UJ-,,,
2019/10/09 3:25:00,3086,CO-2-16330-M1-09_Common-UJ-,,,
2019/10/09 3:26:00,3087,CO-2-16330-M1-09_Common-UJ-,,,
2019/10/09 3:27:00,3088,CO-2-16330-M1-09_Common-UJ-,,,
2019/10/09 3:28:00,3089,CO-2-16330-M1-09_Common-UJ-,,,
2019/10/09 3:29:00,3090,CO-2-16330-M1-09_Common-UJ-,,,
2019/10/09 3:30:00,3091,CO-2-16330-M1-09_Common-UJ-,,,
2019/10/09 3:31:00,3092,CO-2-16330-M1-09_Common-UJ-,,,
2019/10/09 3:32:00,3093,CO-2-16330-M1-09_Common-UJ-,,,
2019/10/09 3:33:00,3094,CO-2-16330-M1-09_Common-UJ-,,,
2019/10/09 3:34:00,3095,CO-2-16330-M1-09_Common-UJ-,,,
2019/10/09 3:35:00,3096,CO-2-16330-M1-09_Common-UJ-,,,
2019/10/09 3:36:00,3097,CO-2-16330-M1-09_Common-UJ-,,,
2019/10/09 3:37:00,3098,CO-2-16330-M1-09_Common-UJ-,,,
2019/10/09 3:38:00,3099,CO-2-16330-M1-09_Common-UJ-,,,
2019/10/09 3:39:00,3100,CO-2-16330-M1-09_Common-UJ-,,,
2019/10/09 3:40:00,3101,CO-2-16330-M1-09_Common-UJ-,,,
2019/10/09 3:41:00,3102,CO-2-16330-M1-09_Common-UJ-,,,
2019/10/09 3:42:00,3103,CO-2-16330-M1-09_Common-UJ-,,,
2019/10/09 3:43:00,3104,CO-2-16330-M1-09_Common-UJ-,,,
2019/10/09 3:44:00,3105,CO-2-16330-M1-09_Common-UJ-,,,
2019/10/09 3:45:00,3106,CO-2-16330-M1-09_Common-UJ-,,,
2019/10/09 3:46:00,3107,CO-2-16330-M1-09_Common-UJ-,,,
2019/10/09 3:47:00,3108,CO-2-16330-M1-09_Common-UJ-,,,
2019/10/09 3:48:00,3109,CO-2-16330-M1-09_Common-UJ-,,,
2019/10/09 3:49:00,3110,CO-2-16330-M1-09_Common-UJ-,,,
2019/10/09 3:50:00,3111,CO-2-16330-M1-09_Common-UJ-,,,
2019/10/09 3:51:00,3112,CO-2-16330-M1-09_Common-UJ-,,,
2019/10/09 3:52:00,3113,CO-2-16330-M1-09_Common-UJ-,,,
2019/10/09 3:53:00,3114,CO-2-16330-M1-09_Common-UJ-,,,
2019/10/09 3:54:00,3115,CO-2-16330-M1-09_Common-UJ-,,,
2019/10/09 3:55:00,3116,CO-2-16330-M1-09_Common-UJ-,,,
2019/10/09 3:56:00,3117,CO-2-16330-M1-09_Common-UJ-,,,
2019/10/09 3:57:00,3118,CO-2-16330-M1-09_Common-UJ-,,,
2019/10/09 3:58:00,3119,CO-2-16330-M1-09_Common-UJ-,,,
2019/10/09 3:59:00,3120,CO-2-16330-M1-09_Common-UJ-,,,
2019/10/09 4:00:00,3121,CO-2-16330-M1-09_Common-UJ-,,,
2019/10/09 4:01:00,3122,CO-2-16330-M1-09_Common-UJ-,,,
2019/10/09 4:02:00,3123,CO-2-16330-M1-09_Common-UJ-,,,
2019/10/09 4:03:00,3124,CO-2-16330-M1-09_Common-UJ-,,,
2019/10/09 4:04:00,3125,CO-2-16330-M1-09_Common-UJ-,,,
2019/10/09 4:05:00,3126,CO-2-16330-M1-09_Common-UJ-,,,
2019/10/09 4:06:00,3127,CO-2-16330-M1-09_Common-UJ-,,,
2019/10/09 4:07:00,3128,CO-2-16330-M1-09_Common-UJ-,,,
2019/10/09 4:08:00,3129,CO-2-16330-M1-09_Common-UJ-,,,
2019/10/09 4:09:00,3130,CO-2-16330-M1-09_Common-UJ-,,,
2019/10/09 4:10:00,3131,CO-2-16330-M1-09_Common-UJ-,,,
2019/10/09 4:11:00,3132,CO-2-16330-M1-09_Common-UJ-,,,
2019/10/09 4:12:00,3133,CO-2-16330-M1-09_Common-UJ-,,,
2019/10/09 4:13:00,3134,CO-2-16330-M1-09_Common-UJ-,,,
2019/10/09 4:14:00,3135,CO-2-16330-M1-09_Common-UJ-,,,
2019/10/09 4:15:00,3136,CO-2-16330-M1-09_Common-UJ-,,,
2019/10/09 4:16:00,3137,CO-2-16330-M1-09_Common-UJ-,,,
2019/10/09 4:17:00,3138,CO-2-16330-M1-09_Common-UJ-,,,
2019/10/09 4:18:00,3139,CO-2-16330-M1-09_Common-UJ-,,,
2019/10/09 4:19:00,3140,CO-2-16330-M1-09_Common-UJ-,,,
2019/10/09 4:20:00,3141,CO-2-16330-M1-09_Common-UJ-,,,
2019/10/09 4:21:00,3142,CO-2-16330-M1-09_Common-UJ-,,,
2019/10/09 4:22:00,3143,CO-2-16330-M1-09_Common-UJ-,,,
2019/10/09 4:23:00,3144,CO-2-16330-M1-09_Common-UJ-,,,
2019/10/09 4:24:00,3145,CO-2-16330-M1-09_Common-UJ-,,,
2019/10/09 4:25:00,3146,CO-2-16330-M1-09_Common-UJ-,,,
2019/10/09 4:26:00,3147,CO-2-16330-M1-09_Common-UJ-,,,
2019/10/09 4:27:00,3148,CO-2-16330-M1-09_Common-UJ-,,,
2019/10/09 4:28:00,3149,CO-2-16330-M1-09_Common-UJ-,,,
2019/10/09 4:29:00,3150,CO-2-16330-M1-09_Common-UJ-,,,
2019/10/09 4:30:00,3151,CO-2-16330-M1-09_Common-UJ-,,,
2019/10/09 4:31:00,3152,CO-2-16330-M1-09_Common-UJ-,,,
2019/10/09 4:32:00,3153,CO-2-16330-M1-09_Common-UJ-,,,
2019/10/09 4:33:00,3154,CO-2-16330-M1-09_Common-UJ-,,,
2019/10/09 4:34:00,3155,CO-2-16330-M1-09_Common-UJ-,,,
2019/10/09 4:35:00,3156,CO-2-16330-M1-09_Common-UJ-,,,
2019/10/09 4:36:00,3157,CO-2-16330-M1-09_Common-UJ-,,,
2019/10/09 4:37:00,3158,CO-2-16330-M1-09_Common-UJ-,,,
2019/10/09 4:38:00,3159,CO-2-16330-M1-09_Common-UJ-,,,
2019/10/09 4:39:00,3160,CO-2-16330-M1-09_Common-UJ-,,,
2019/10/09 4:40:00,3161,CO-2-16330-M1-09_Common-UJ-,,,
2019/10/09 4:41:00,3162,CO-2-16330-M1-09_Common-UJ-,,,
2019/10/09 4:42:00,3163,CO-2-16330-M1-09_Common-UJ-,,,
2019/10/09 4:43:00,3164,CO-2-16330-M1-09_Common-UJ-,,,
2019/10/09 4:44:00,3165,CO-2-16330-M1-09_Common-UJ-,,,
2019/10/09 4:45:00,3166,CO-2-16330-M1-09_Common-UJ-,,,
2019/10/09 4:46:00,3167,CO-2-16330-M1-09_Common-UJ-,,,
2019/10/09 4:47:00,3168,CO-2-16330-M1-09_Common-UJ-,,,
2019/10/09 4:48:00,3169,CO-2-16330-M1-09_Common-UJ-,,,
2019/10/09 4:49:00,3170,CO-2-16330-M1-09_Common-UJ-,,,
2019/10/09 4:50:00,3171,CO-2-16330-M1-09_Common-UJ-,,,
2019/10/09 4:51:00,3172,CO-2-16330-M1-09_Common-UJ-,,,
2019/10/09 4:52:00,3173,CO-2-16330-M1-09_Common-UJ-,,,
2019/10/09 4:53:00,3174,CO-2-16330-M1-09_Common-UJ-,,,
2019/10/09 4:54:00,3175,CO-2-16330-M1-09_Common-UJ-,,,
2019/10/09 4:55:00,3176,CO-2-16330-M1-09_Common-UJ-,,,
2019/10/09 4:56:00,3177,CO-2-16330-M1-09_Common-UJ-,,,
2019/10/09 4:57:00,3178,CO-2-16330-M1-09_Common-UJ-,,,
2019/10/09 4:58:00,3179,CO-2-16330-M1-09_Common-UJ-,,,
2019/10/09 4:59:00,3180,CO-2-16330-M1-09_Common-UJ-,,,
2019/10/09 5:00:00,3181,CO-2-16330-M1-09_Common-UJ-,,,
2019/10/09 5:01:00,3182,CO-2-16330-M1-09_Common-UJ-,,,
2019/10/09 5:02:00,3183,CO-2-16330-M1-09_Common-UJ-,,,
2019/10/09 5:03:00,3184,CO-2-16330-M1-09_Common-UJ-,,,
2019/10/09 5:04:00,3185,CO-2-16330-M1-09_Common-UJ-,,,
2019/10/09 5:05:00,3186,CO-2-16330-M1-09_Common-UJ-,,,
2019/10/09 5:06:00,3187,CO-2-16330-M1-09_Common-UJ-,,,
2019/10/09 5:07:00,3188,CO-2-16330-M1-09_Common-UJ-,,,
2019/10/09 5:08:00,3189,CO-2-16330-M1-09_Common-UJ-,,,
2019/10/09 5:09:00,3190,CO-2-16330-M1-09_Common-UJ-,,,
2019/10/09 5:10:00,3191,CO-2-16330-M1-09_Common-UJ-,,,
2019/10/09 5:11:00,3192,CO-2-16330-M1-09_Common-UJ-,,,
2019/10/09 5:12:00,3193,CO-2-16330-M1-09_Common-UJ-,,,
2019/10/09 5:13:00,3194,CO-2-16330-M1-09_Common-UJ-,,,
2019/10/09 5:14:00,3195,CO-2-16330-M1-09_Common-UJ-,,,
2019/10/09 5:15:00,3196,CO-2-16330-M1-09_Common-UJ-,,,
2019/10/09 5:16:00,3197,CO-2-16330-M1-09_Common-UJ-,,,
2019/10/09 5:17:00,3198,CO-2-16330-M1-09_Common-UJ-,,,
2019/10/09 5:18:00,3199,CO-2-16330-M1-09_Common-UJ-,,,
2019/10/09 5:19:00,3200,CO-2-16330-M1-09_Common-UJ-,,,
2019/10/09 5:20:00,3201,CO-2-16330-M1-09_Common-UJ-,,,
2019/10/09 5:21:00,3202,CO-2-16330-M1-09_Common-UJ-,,,
2019/10/09 5:22:00,3203,CO-2-16330-M1-09_Common-UJ-,,,
2019/10/09 5:23:00,3204,CO-2-16330-M1-09_Common-UJ-,,,
2019/10/09 5:24:00,3205,CO-2-16330-M1-09_Common-UJ-,,,
2019/10/09 5:25:00,3206,CO-2-16330-M1-09_Common-UJ-,,,
2019/10/09 5:26:00,3207,CO-2-16330-M1-09_Common-UJ-,,,
2019/10/09 5:27:00,3208,CO-2-16330-M1-09_Common-UJ-,,,
2019/10/09 5:28:00,3209,CO-2-16330-M1-09_Common-UJ-,,,
2019/10/09 5:29:00,3210,CO-2-16330-M1-09_Common-UJ-,,,
2019/10/09 5:30:00,3211,CO-2-16330-M1-09_Common-UJ-,,,
2019/10/09 5:31:00,3212,CO-2-16330-M1-09_Common-UJ-,,,
2019/10/09 5:32:00,3213,CO-2-16330-M1-09_Common-UJ-,,,
2019/10/09 5:33:00,3214,CO-2-16330-M1-09_Common-UJ-,,,
2019/10/09 5:34:00,3215,CO-2-16330-M1-09_Common-UJ-,,,
2019/10/09 5:35:00,3216,CO-2-16330-M1-09_Common-UJ-,,,
2019/10/09 5:36:00,3217,CO-2-16330-M1-09_Common-UJ-,,,
2019/10/09 5:37:00,3218,CO-2-16330-M1-09_Common-UJ-,,,
2019/10/09 5:38:00,3219,CO-2-16330-M1-09_Common-UJ-,,,
2019/10/09 5:39:00,3220,CO-2-16330-M1-09_Common-UJ-,,,
2019/10/09 5:40:00,3221,CO-2-16330-M1-09_Common-UJ-,,,
2019/10/09 5:41:00,3222,CO-2-16330-M1-09_Common-UJ-,,,
2019/10/09 5:42:00,3223,CO-2-16330-M1-09_Common-UJ-,,,
2019/10/09 5:43:00,3224,CO-2-16330-M1-09_Common-UJ-,,,
2019/10/09 5:44:00,3225,CO-2-16330-M1-09_Common-UJ-,,,
2019/10/09 5:45:00,3226,CO-2-16330-M1-09_Common-UJ-,,,
2019/10/09 5:46:00,3227,CO-2-16330-M1-09_Common-UJ-,,,
2019/10/09 5:47:00,3228,CO-2-16330-M1-09_Common-UJ-,,,
2019/10/09 5:48:00,3229,CO-2-16330-M1-09_Common-UJ-,,,
2019/10/09 5:49:00,3230,CO-2-16330-M1-09_Common-UJ-,,,
2019/10/09 5:50:00,3231,CO-2-16330-M1-09_Common-UJ-,,,
2019/10/09 5:51:00,3232,CO-2-16330-M1-09_Common-UJ-,,,
2019/10/09 5:52:00,3233,CO-2-16330-M1-09_Common-UJ-,,,
2019/10/09 5:53:00,3234,CO-2-16330-M1-09_Common-UJ-,,,
2019/10/09 5:54:00,3235,CO-2-16330-M1-09_Common-UJ-,,,
2019/10/09 5:55:00,3236,CO-2-16330-M1-09_Common-UJ-,,,
2019/10/09 5:56:00,3237,CO-2-16330-M1-09_Common-UJ-,,,
2019/10/09 5:57:00,3238,CO-2-16330-M1-09_Common-UJ-,,,
2019/10/09 5:58:00,3239,CO-2-16330-M1-09_Common-UJ-,,,
2019/10/09 5:59:00,3240,CO-2-16330-M1-09_Common-UJ-,,,
2019/10/09 6:00:00,3241,CO-2-16330-M1-09_Common-UJ-,,,
2019/10/09 6:01:00,3242,CO-2-16330-M1-09_Common-UJ-,,,
2019/10/09 6:02:00,3243,CO-2-16330-M1-09_Common-UJ-,,,
2019/10/09 6:03:00,3244,CO-2-16330-M1-09_Common-UJ-,,,
2019/10/09 6:04:00,3245,CO-2-16330-M1-09_Common-UJ-,,,
2019/10/09 6:05:00,3246,CO-2-16330-M1-09_Common-UJ-,,,
2019/10/09 6:06:00,3247,CO-2-16330-M1-09_Common-UJ-,,,
2019/10/09 6:07:00,3248,CO-2-16330-M1-09_Common-UJ-,,,
2019/10/09 6:08:00,3249,CO-2-16330-M1-09_Common-UJ-,,,
2019/10/09 6:09:00,3250,CO-2-16330-M1-09_Common-UJ-,,,
2019/10/09 6:10:00,3251,CO-2-16330-M1-09_Common-UJ-,,,
2019/10/09 6:11:00,3252,CO-2-16330-M1-09_Common-UJ-,,,
2019/10/09 6:12:00,3253,CO-2-16330-M1-09_Common-UJ-,,,
2019/10/09 6:13:00,3254,CO-2-16330-M1-09_Common-UJ-,,,
2019/10/09 6:14:00,3255,CO-2-16330-M1-09_Common-UJ-,,,
2019/10/09 6:15:00,3256,CO-2-16330-M1-09_Common-UJ-,,,
2019/10/09 6:16:00,3257,CO-2-16330-M1-09_Common-UJ-,,,
2019/10/09 6:17:00,3258,CO-2-16330-M1-09_Common-UJ-,,,
2019/10/09 6:18:00,3259,CO-2-16330-M1-09_Common-UJ-,,,
2019/10/09 6:19:00,3260,CO-2-16330-M1-09_Common-UJ-,,,
2019/10/09 6:20:00,3261,CO-2-16330-M1-09_Common-UJ-,,,
2019/10/09 6:21:00,3262,CO-2-16330-M1-09_Common-UJ-,,,
2019/10/09 6:22:00,3263,CO-2-16330-M1-09_Common-UJ-,,,
2019/10/09 6:23:00,3264,CO-2-16330-M1-09_Common-UJ-,,,
2019/10/09 6:24:00,3265,CO-2-16330-M1-09_Common-UJ-,,,
2019/10/09 6:25:00,3266,CO-2-16330-M1-09_Common-UJ-,,,
2019/10/09 6:26:00,3267,CO-2-16330-M1-09_Common-UJ-,,,
2019/10/09 6:27:00,3268,CO-2-16330-M1-09_Common-UJ-,,,
2019/10/09 6:28:00,3269,CO-2-16330-M1-09_Common-UJ-,,,
2019/10/09 6:29:00,3270,CO-2-16330-M1-09_Common-UJ-,,,
2019/10/09 6:30:00,3271,CO-2-16330-M1-09_Common-UJ-,,,
2019/10/09 6:31:00,3272,CO-2-16330-M1-09_Common-UJ-,,,
2019/10/09 6:32:00,3273,CO-2-16330-M1-09_Common-UJ-,,,
2019/10/09 6:33:00,3274,CO-2-16330-M1-09_Common-UJ-,,,
2019/10/09 6:34:00,3275,CO-2-16330-M1-09_Common-UJ-,,,
2019/10/09 6:35:00,3276,CO-2-16330-M1-09_Common-UJ-,,,
2019/10/09 6:36:00,3277,CO-2-16330-M1-09_Common-UJ-,,,
2019/10/09 6:37:00,3278,CO-2-16330-M1-09_Common-UJ-,,,
2019/10/09 6:38:00,3279,CO-2-16330-M1-09_Common-UJ-,,,
2019/10/09 6:39:00,3280,CO-2-16330-M1-09_Common-UJ-,,,
2019/10/09 6:40:00,3281,CO-2-16330-M1-09_Common-UJ-,,,
2019/10/09 6:41:00,3282,CO-2-16330-M1-09_Common-UJ-,,,
2019/10/09 6:42:00,3283,CO-2-16330-M1-09_Common-UJ-,,,
2019/10/09 6:43:00,3284,CO-2-16330-M1-09_Common-UJ-,,,
2019/10/09 6:44:00,3285,CO-2-16330-M1-09_Common-UJ-,,,
2019/10/09 6:45:00,3286,CO-2-16330-M1-09_Common-UJ-,,,
2019/10/09 6:46:00,3287,CO-2-16330-M1-09_Common-UJ-,,,
2019/10/09 6:47:00,3288,CO-2-16330-M1-09_Common-UJ-,,,
2019/10/09 6:48:00,3289,CO-2-16330-M1-09_Common-UJ-,,,
2019/10/09 6:49:00,3290,CO-2-16330-M1-09_Common-UJ-,,,
2019/10/09 6:50:00,3291,CO-2-16330-M1-09_Common-UJ-,,,
2019/10/09 6:51:00,3292,CO-2-16330-M1-09_Common-UJ-,,,
2019/10/09 6:52:00,3293,CO-2-16330-M1-09_Common-UJ-,,,
2019/10/09 6:53:00,3294,CO-2-16330-M1-09_Common-UJ-,,,
2019/10/09 6:54:00,3295,CO-2-16330-M1-09_Common-UJ-,,,
2019/10/09 6:55:00,3296,CO-2-16330-M1-09_Common-UJ-,,,
2019/10/09 6:56:00,3297,CO-2-16330-M1-09_Common-UJ-,,,
2019/10/09 6:57:00,3298,CO-2-16330-M1-09_Common-UJ-,,,
2019/10/09 6:58:00,3299,CO-2-16330-M1-09_Common-UJ-,,,
2019/10/09 6:59:00,3300,CO-2-16330-M1-09_Common-UJ-,,,
2019/10/09 7:00:00,3301,CO-2-16330-M1-09_Common-UJ-,,,
2019/10/09 7:01:00,3302,CO-2-16330-M1-09_Common-UJ-,,,
2019/10/09 7:02:00,3303,CO-2-16330-M1-09_Common-UJ-,,,
2019/10/09 7:03:00,3304,CO-2-16330-M1-09_Common-UJ-,,,
2019/10/09 7:04:00,3305,CO-2-16330-M1-09_Common-UJ-,,,
2019/10/09 7:05:00,3306,CO-2-16330-M1-09_Common-UJ-,,,
2019/10/09 7:06:00,3307,CO-2-16330-M1-09_Common-UJ-,,,
2019/10/09 7:07:00,3308,CO-2-16330-M1-09_Common-UJ-,,,
2019/10/09 7:08:00,3309,CO-2-16330-M1-09_Common-UJ-,,,
2019/10/09 7:09:00,3310,CO-2-16330-M1-09_Common-UJ-,,,
2019/10/09 7:10:00,3311,CO-2-16330-M1-09_Common-UJ-,,,
2019/10/09 7:11:00,3312,CO-2-16330-M1-09_Common-UJ-,,,
2019/10/09 7:12:00,3313,CO-2-16330-M1-09_Common-UJ-,,,
2019/10/09 7:13:00,3314,CO-2-16330-M1-09_Common-UJ-,,,
2019/10/09 7:14:00,3315,CO-2-16330-M1-09_Common-UJ-,,,
2019/10/09 7:15:00,3316,CO-2-16330-M1-09_Common-UJ-,,,
2019/10/09 7:16:00,3317,CO-2-16330-M1-09_Common-UJ-,,,
2019/10/09 7:17:00,3318,CO-2-16330-M1-09_Common-UJ-,,,
2019/10/09 7:18:00,3319,CO-2-16330-M1-09_Common-UJ-,,,
2019/10/09 7:19:00,3320,CO-2-16330-M1-09_Common-UJ-,,,
2019/10/09 7:20:00,3321,CO-2-16330-M1-09_Common-UJ-,,,
2019/10/09 7:21:00,3322,CO-2-16330-M1-09_Common-UJ-,,,
2019/10/09 7:22:00,3323,CO-2-16330-M1-09_Common-UJ-,,,
2019/10/09 7:23:00,3324,CO-2-16330-M1-09_Common-UJ-,,,
2019/10/09 7:24:00,3325,CO-2-16330-M1-09_Common-UJ-,,,
2019/10/09 7:25:00,3326,CO-2-16330-M1-09_Common-UJ-,,,
2019/10/09 7:26:00,3327,CO-2-16330-M1-09_Common-UJ-,,,
2019/10/09 7:27:00,3328,CO-2-16330-M1-09_Common-UJ-,,,
2019/10/09 7:28:00,3329,CO-2-16330-M1-09_Common-UJ-,,,
2019/10/09 7:29:00,3330,CO-2-16330-M1-09_Common-UJ-,,,
2019/10/09 7:30:00,3331,CO-2-16330-M1-09_Common-UJ-,,,
2019/10/09 7:31:00,3332,CO-2-16330-M1-09_Common-UJ-,,,
2019/10/09 7:32:00,3333,CO-2-16330-M1-09_Common-UJ-,,,
2019/10/09 7:33:00,3334,CO-2-16330-M1-09_Common-UJ-,,,
2019/10/09 7:34:00,3335,CO-2-16330-M1-09_Common-UJ-,,,
2019/10/09 7:35:00,3336,CO-2-16330-M1-09_Common-UJ-,,,
2019/10/09 7:36:00,3337,CO-2-16330-M1-09_Common-UJ-,,,
2019/10/09 7:37:00,3338,CO-2-16330-M1-09_Common-UJ-,,,
2019/10/09 7:38:00,3339,CO-2-16330-M1-09_Common-UJ-,,,
2019/10/09 7:39:00,3340,CO-2-16330-M1-09_Common-UJ-,,,
2019/10/09 7:40:00,3341,CO-2-16330-M1-09_Common-UJ-,,,
2019/10/09 7:41:00,3342,CO-2-16330-M1-09_Common-UJ-,,,
2019/10/09 7:42:00,3343,CO-2-16330-M1-09_Common-UJ-,,,
2019/10/09 7:43:00,3344,CO-2-16330-M1-09_Common-UJ-,,,
2019/10/09 7:44:00,3345,CO-2-16330-M1-09_Common-UJ-,,,
2019/10/09 7:45:00,3346,CO-2-16330-M1-09_Common-UJ-,,,
2019/10/09 7:46:00,3347,CO-2-16330-M1-09_Common-UJ-,,,
2019/10/09 7:47:00,3348,CO-2-16330-M1-09_Common-UJ-,,,
2019/10/09 7:48:00,3349,CO-2-16330-M1-09_Common-UJ-,,,
2019/10/09 7:49:00,3350,CO-2-16330-M1-09_Common-UJ-,,,
2019/10/09 7:50:00,3351,CO-2-16330-M1-09_Common-UJ-,,,
2019/10/09 7:51:00,3352,CO-2-16330-M1-09_Common-UJ-,,,
2019/10/09 7:52:00,3353,CO-2-16330-M1-09_Common-UJ-,,,
2019/10/09 7:53:00,3354,CO-2-16330-M1-09_Common-UJ-,,,
2019/10/09 7:54:00,3355,CO-2-16330-M1-09_Common-UJ-,,,
2019/10/09 7:55:00,3356,CO-2-16330-M1-09_Common-UJ-,,,
2019/10/09 7:56:00,3357,CO-2-16330-M1-09_Common-UJ-,,,
2019/10/09 7:57:00,3358,CO-2-16330-M1-09_Common-UJ-,,,
2019/10/09 7:58:00,3359,CO-2-16330-M1-09_Common-UJ-,,,
2019/10/09 7:59:00,3360,CO-2-16330-M1-09_Common-UJ-,,,
2019/10/09 8:00:00,3361,CO-2-16330-M1-09_Common-UJ-,,,
2019/10/09 8:01:00,3362,CO-2-16330-M1-09_Common-UJ-,,,
2019/10/09 8:02:00,3363,CO-2-16330-M1-09_Common-UJ-,,,
2019/10/09 8:03:00,3364,CO-2-16330-M1-09_Common-UJ-,,,
2019/10/09 8:04:00,3365,CO-2-16330-M1-09_Common-UJ-,,,
2019/10/09 8:05:00,3366,CO-2-16330-M1-09_Common-UJ-,,,
2019/10/09 8:06:00,3367,CO-2-16330-M1-09_Common-UJ-,,,
2019/10/09 8:07:00,3368,CO-2-16330-M1-09_Common-UJ-,,,
2019/10/09 8:08:00,3369,CO-2-16330-M1-09_Common-UJ-,,,
2019/10/09 8:09:00,3370,CO-2-16330-M1-09_Common-UJ-,,,
2019/10/09 8:10:00,3371,CO-2-16330-M1-09_Common-UJ-,,,
2019/10/09 8:11:00,3372,CO-2-16330-M1-09_Common-UJ-,,,
2019/10/09 8:12:00,3373,CO-2-16330-M1-09_Common-UJ-,,,
2019/10/09 8:13:00,3374,CO-2-16330-M1-09_Common-UJ-,,,
2019/10/09 8:14:00,3375,CO-2-16330-M1-09_Common-UJ-,,,
2019/10/09 8:15:00,3376,CO-2-16330-M1-09_Common-UJ-,,,
2019/10/09 8:16:00,3377,CO-2-16330-M1-09_Common-UJ-,,,
2019/10/09 8:17:00,3378,CO-2-16330-M1-09_Common-UJ-,,,
2019/10/09 8:18:00,3379,CO-2-16330-M1-09_Common-UJ-,,,
2019/10/09 8:19:00,3380,CO-2-16330-M1-09_Common-UJ-,,,
2019/10/09 8:20:00,3381,CO-2-16330-M1-09_Common-UJ-,,,
2019/10/09 8:21:00,3382,CO-2-16330-M1-09_Common-UJ-,,,
2019/10/09 8:22:00,3383,CO-2-16330-M1-09_Common-UJ-,,,
2019/10/09 8:23:00,3384,CO-2-16330-M1-09_Common-UJ-,,,
2019/10/09 8:24:00,3385,CO-2-16330-M1-09_Common-UJ-,,,
2019/10/09 8:25:00,3386,CO-2-16330-M1-09_Common-UJ-,,,
2019/10/09 8:26:00,3387,CO-2-16330-M1-09_Common-UJ-,,,
2019/10/09 8:27:00,3388,CO-2-16330-M1-09_Common-UJ-,,,
2019/10/09 8:28:00,3389,CO-2-16330-M1-09_Common-UJ-,,,
2019/10/09 8:29:00,3390,CO-2-16330-M1-09_Common-UJ-,,,
2019/10/09 8:30:00,3391,CO-2-16330-M1-09_Common-UJ-,,,
2019/10/09 8:31:00,3392,CO-2-16330-M1-09_Common-UJ-,,,
2019/10/09 8:32:00,3393,CO-2-16330-M1-09_Common-UJ-,,,
2019/10/09 8:33:00,3394,CO-2-16330-M1-09_Common-UJ-,,,
2019/10/09 8:34:00,3395,CO-2-16330-M1-09_Common-UJ-,,,
2019/10/09 8:35:00,3396,CO-2-16330-M1-09_Common-UJ-,,,
2019/10/09 8:36:00,3397,CO-2-16330-M1-09_Common-UJ-,,,
2019/10/09 8:37:00,3398,CO-2-16330-M1-09_Common-UJ-,,,
2019/10/09 8:38:00,3399,CO-2-16330-M1-09_Common-UJ-,,,
2019/10/09 8:39:00,3400,CO-2-16330-M1-09_Common-UJ-,,,
2019/10/09 8:40:00,3401,CO-2-16330-M1-09_Common-UJ-,,,
2019/10/09 8:41:00,3402,CO-2-16330-M1-09_Common-UJ-,,,
2019/10/09 8:42:00,3403,CO-2-16330-M1-09_Common-UJ-,,,
2019/10/09 8:43:00,3404,CO-2-16330-M1-09_Common-UJ-,,,
2019/10/09 8:44:00,3405,CO-2-16330-M1-09_Common-UJ-,,,
2019/10/09 8:45:00,3406,CO-2-16330-M1-09_Common-UJ-,,,
2019/10/09 8:46:00,3407,CO-2-16330-M1-09_Common-UJ-,,,
2019/10/09 8:47:00,3408,CO-2-16330-M1-09_Common-UJ-,,,
2019/10/09 8:48:00,3409,CO-2-16330-M1-09_Common-UJ-,,,
2019/10/09 8:49:00,3410,CO-2-16330-M1-09_Common-UJ-,,,
2019/10/09 8:50:00,3411,CO-2-16330-M1-09_Common-UJ-,,,
2019/10/09 8:51:00,3412,CO-2-16330-M1-09_Common-UJ-,,,
2019/10/09 8:52:00,3413,CO-2-16330-M1-09_Common-UJ-,,,
2019/10/09 8:53:00,3414,CO-2-16330-M1-09_Common-UJ-,,,
2019/10/09 8:54:00,3415,CO-2-16330-M1-09_Common-UJ-,,,
2019/10/09 8:55:00,3416,CO-2-16330-M1-09_Common-UJ-,,,
2019/10/09 8:56:00,3417,CO-2-16330-M1-09_Common-UJ-,,,
2019/10/09 8:57:00,3418,CO-2-16330-M1-09_Common-UJ-,,,
2019/10/09 8:58:00,3419,CO-2-16330-M1-09_Common-UJ-,,,
2019/10/09 8:59:00,3420,CO-2-16330-M1-09_Common-UJ-,,,
2019/10/09 9:00:00,3421,CO-2-16330-M1-09_Common-UJ-,,,
2019/10/09 9:01:00,3422,CO-2-16330-M1-09_Common-UJ-,,,
2019/10/09 9:02:00,3423,CO-2-16330-M1-09_Common-UJ-,,,
2019/10/09 9:03:00,3424,CO-2-16330-M1-09_Common-UJ-,,,
2019/10/09 9:04:00,3425,CO-2-16330-M1-09_Common-UJ-,,,
2019/10/09 9:05:00,3426,CO-2-16330-M1-09_Common-UJ-,,,
2019/10/09 9:06:00,3427,CO-2-16330-M1-09_Common-UJ-,,,
2019/10/09 9:07:00,3428,CO-2-16330-M1-09_Common-UJ-,,,
2019/10/09 9:08:00,3429,CO-2-16330-M1-09_Common-UJ-,,,
2019/10/09 9:09:00,3430,CO-2-16330-M1-09_Common-UJ-,,,
2019/10/09 9:10:00,3431,CO-2-16330-M1-09_Common-UJ-,,,
2019/10/09 9:11:00,3432,CO-2-16330-M1-09_Common-UJ-,,,
2019/10/09 9:12:00,3433,CO-2-16330-M1-09_Common-UJ-,,,
2019/10/09 9:13:00,3434,CO-2-16330-M1-09_Common-UJ-,,,
2019/10/09 9:14:00,3435,CO-2-16330-M1-09_Common-UJ-,,,
2019/10/09 9:15:00,3436,CO-2-16330-M1-09_Common-UJ-,,,
2019/10/09 9:16:00,3437,CO-2-16330-M1-09_Common-UJ-,,,
2019/10/09 9:17:00,3438,CO-2-16330-M1-09_Common-UJ-,,,
2019/10/09 9:18:00,3439,CO-2-16330-M1-09_Common-UJ-,,,
2019/10/09 9:19:00,3440,CO-2-16330-M1-09_Common-UJ-,,,
2019/10/09 9:20:00,3441,CO-2-16330-M1-09_Common-UJ-,,,
2019/10/09 9:21:00,3442,CO-2-16330-M1-09_Common-UJ-,,,
2019/10/09 9:22:00,3443,CO-2-16330-M1-09_Common-UJ-,,,
2019/10/09 9:23:00,3444,CO-2-16330-M1-09_Common-UJ-,,,
2019/10/09 9:24:00,3445,CO-2-16330-M1-09_Common-UJ-,,,
2019/10/09 9:25:00,3446,CO-2-16330-M1-09_Common-UJ-,,,
2019/10/09 9:26:00,3447,CO-2-16330-M1-09_Common-UJ-,,,
2019/10/09 9:27:00,3448,CO-2-16330-M1-09_Common-UJ-,,,
2019/10/09 9:28:00,3449,CO-2-16330-M1-09_Common-UJ-,,,
2019/10/09 9:29:00,3450,CO-2-16330-M1-09_Common-UJ-,,,
2019/10/09 9:30:00,3451,CO-2-16330-M1-09_Common-UJ-,,,
2019/10/09 9:31:00,3452,CO-2-16330-M1-09_Common-UJ-,,,
2019/10/09 9:32:00,3453,CO-2-16330-M1-09_Common-UJ-,,,
2019/10/09 9:33:00,3454,CO-2-16330-M1-09_Common-UJ-,,,
2019/10/09 9:34:00,3455,CO-2-16330-M1-09_Common-UJ-,,,
2019/10/09 9:35:00,3456,CO-2-16330-M1-09_Common-UJ-,,,
2019/10/09 9:36:00,3457,CO-2-16330-M1-09_Common-UJ-,,,
2019/10/09 9:37:00,3458,CO-2-16330-M1-09_Common-UJ-,,,
2019/10/09 9:38:00,3459,CO-2-16330-M1-09_Common-UJ-,,,
2019/10/09 9:39:00,3460,CO-2-16330-M1-09_Common-UJ-,,,
2019/10/09 9:40:00,3461,CO-2-16330-M1-09_Common-UJ-,,,
2019/10/09 9:41:00,3462,CO-2-16330-M1-09_Common-UJ-,,,
2019/10/09 9:42:00,3463,CO-2-16330-M1-09_Common-UJ-,,,
2019/10/09 9:43:00,3464,CO-2-16330-M1-09_Common-UJ-,,,
2019/10/09 9:44:00,3465,CO-2-16330-M1-09_Common-UJ-,,,
2019/10/09 9:45:00,3466,CO-2-16330-M1-09_Common-UJ-,,,
2019/10/09 9:46:00,3467,CO-2-16330-M1-09_Common-UJ-,,,
2019/10/09 9:47:00,3468,CO-2-16330-M1-09_Common-UJ-,,,
2019/10/09 9:48:00,3469,CO-2-16330-M1-09_Common-UJ-,,,
2019/10/09 9:49:00,3470,CO-2-16330-M1-09_Common-UJ-,,,
2019/10/09 9:50:00,3471,CO-2-16330-M1-09_Common-UJ-,,,
2019/10/09 9:51:00,3472,CO-2-16330-M1-09_Common-UJ-,,,
2019/10/09 9:52:00,3473,CO-2-16330-M1-09_Common-UJ-,,,
2019/10/09 9:53:00,3474,CO-2-16330-M1-09_Common-UJ-,,,
2019/10/09 9:54:00,3475,CO-2-16330-M1-09_Common-UJ-,,,
2019/10/09 9:55:00,3476,CO-2-16330-M1-09_Common-UJ-,,,
2019/10/09 9:56:00,3477,CO-2-16330-M1-09_Common-UJ-,,,
2019/10/09 9:57:00,3478,CO-2-16330-M1-09_Common-UJ-,,,
2019/10/09 9:58:00,3479,CO-2-16330-M1-09_Common-UJ-,,,
2019/10/09 9:59:00,3480,CO-2-16330-M1-09_Common-UJ-,,,
2019/10/09 10:00:00,3481,CO-2-16330-M1-09_Common-UJ-,,,
2019/10/09 10:01:00,3482,CO-2-16330-M1-09_Common-UJ-,,,
2019/10/09 10:02:00,3483,CO-2-16330-M1-09_Common-UJ-,,,
2019/10/09 10:03:00,3484,CO-2-16330-M1-09_Common-UJ-,,,
2019/10/09 10:04:00,3485,CO-2-16330-M1-09_Common-UJ-,,,
2019/10/09 10:05:00,3486,CO-2-16330-M1-09_Common-UJ-,,,
2019/10/09 10:06:00,3487,CO-2-16330-M1-09_Common-UJ-,,,
2019/10/09 10:07:00,3488,CO-2-16330-M1-09_Common-UJ-,,,
2019/10/09 10:08:00,3489,CO-2-16330-M1-09_Common-UJ-,,,
2019/10/09 10:09:00,3490,CO-2-16330-M1-09_Common-UJ-,,,
2019/10/09 10:10:00,3491,CO-2-16330-M1-09_Common-UJ-,,,
2019/10/09 10:11:00,3492,CO-2-16330-M1-09_Common-UJ-,,,
2019/10/09 10:12:00,3493,CO-2-16330-M1-09_Common-UJ-,,,
2019/10/09 10:13:00,3494,CO-2-16330-M1-09_Common-UJ-,,,
2019/10/09 10:14:00,3495,CO-2-16330-M1-09_Common-UJ-,,,
2019/10/09 10:15:00,3496,CO-2-16330-M1-09_Common-UJ-,,,
2019/10/09 10:16:00,3497,CO-2-16330-M1-09_Common-UJ-,,,
2019/10/09 10:17:00,3498,CO-2-16330-M1-09_Common-UJ-,,,
2019/10/09 10:18:00,3499,CO-2-16330-M1-09_Common-UJ-,,,
2019/10/09 10:19:00,3500,CO-2-16330-M1-09_Common-UJ-,,,
2019/10/09 10:20:00,3501,CO-2-16330-M1-09_Common-UJ-,,,
2019/10/09 10:21:00,3502,CO-2-16330-M1-09_Common-UJ-,,,
2019/10/09 10:22:00,3503,CO-2-16330-M1-09_Common-UJ-,,,
2019/10/09 10:23:00,3504,CO-2-16330-M1-09_Common-UJ-,,,
2019/10/09 10:24:00,3505,CO-2-16330-M1-09_Common-UJ-,,,
2019/10/09 10:25:00,3506,CO-2-16330-M1-09_Common-UJ-,,,
2019/10/09 10:26:00,3507,CO-2-16330-M1-09_Common-UJ-,,,
2019/10/09 10:27:00,3508,CO-2-16330-M1-09_Common-UJ-,,,
2019/10/09 10:28:00,3509,CO-2-16330-M1-09_Common-UJ-,,,
2019/10/09 10:29:00,3510,CO-2-16330-M1-09_Common-UJ-,,,
2019/10/09 10:30:00,3511,CO-2-16330-M1-09_Common-UJ-,,,
2019/10/09 10:31:00,3512,CO-2-16330-M1-09_Common-UJ-,,,
2019/10/09 10:32:00,3513,CO-2-16330-M1-09_Common-UJ-,,,
2019/10/09 10:33:00,3514,CO-2-16330-M1-09_Common-UJ-,,,
2019/10/09 10:34:00,3515,CO-2-16330-M1-09_Common-UJ-,,,
2019/10/09 10:35:00,3516,CO-2-16330-M1-09_Common-UJ-,,,
2019/10/09 10:36:00,3517,CO-2-16330-M1-09_Common-UJ-,,,
2019/10/09 10:37:00,3518,CO-2-16330-M1-09_Common-UJ-,,,
2019/10/09 10:38:00,3519,CO-2-16330-M1-09_Common-UJ-,,,
2019/10/09 10:39:00,3520,CO-2-16330-M1-09_Common-UJ-,,,
2019/10/09 10:40:00,3521,CO-2-16330-M1-09_Common-UJ-,,,
2019/10/09 10:41:00,3522,CO-2-16330-M1-09_Common-UJ-,,,
2019/10/09 10:42:00,3523,CO-2-16330-M1-09_Common-UJ-,,,
2019/10/09 10:43:00,3524,CO-2-16330-M1-09_Common-UJ-,,,
2019/10/09 10:44:00,3525,CO-2-16330-M1-09_Common-UJ-,,,
2019/10/09 10:45:00,3526,CO-2-16330-M1-09_Common-UJ-,,,
2019/10/09 10:46:00,3527,CO-2-16330-M1-09_Common-UJ-,,,
2019/10/09 10:47:00,3528,CO-2-16330-M1-09_Common-UJ-,,,
2019/10/09 10:48:00,3529,CO-2-16330-M1-09_Common-UJ-,,,
2019/10/09 10:49:00,3530,CO-2-16330-M1-09_Common-UJ-,,,
2019/10/09 10:50:00,3531,CO-2-16330-M1-09_Common-UJ-,,,
2019/10/09 10:51:00,3532,CO-2-16330-M1-09_Common-UJ-,,,
2019/10/09 10:52:00,3533,CO-2-16330-M1-09_Common-UJ-,,,
2019/10/09 10:53:00,3534,CO-2-16330-M1-09_Common-UJ-,,,
2019/10/09 10:54:00,3535,CO-2-16330-M1-09_Common-UJ-,,,
2019/10/09 10:55:00,3536,CO-2-16330-M1-09_Common-UJ-,,,
2019/10/09 10:56:00,3537,CO-2-16330-M1-09_Common-UJ-,,,
2019/10/09 10:57:00,3538,CO-2-16330-M1-09_Common-UJ-,,,
2019/10/09 10:58:00,3539,CO-2-16330-M1-09_Common-UJ-,,,
2019/10/09 10:59:00,3540,CO-2-16330-M1-09_Common-UJ-,,,
2019/10/09 11:00:00,3541,CO-2-16330-M1-09_Common-UJ-,,,
2019/10/09 11:01:00,3542,CO-2-16330-M1-09_Common-UJ-,,,
2019/10/09 11:02:00,3543,CO-2-16330-M1-09_Common-UJ-,,,
2019/10/09 11:03:00,3544,CO-2-16330-M1-09_Common-UJ-,,,
2019/10/09 11:04:00,3545,CO-2-16330-M1-09_Common-UJ-,,,
2019/10/09 11:05:00,3546,CO-2-16330-M1-09_Common-UJ-,,,
2019/10/09 11:06:00,3547,CO-2-16330-M1-09_Common-UJ-,,,
2019/10/09 11:07:00,3548,CO-2-16330-M1-09_Common-UJ-,,,
2019/10/09 11:08:00,3549,CO-2-16330-M1-09_Common-UJ-,,,
2019/10/09 11:09:00,3550,CO-2-16330-M1-09_Common-UJ-,,,
2019/10/09 11:10:00,3551,CO-2-16330-M1-09_Common-UJ-,,,
2019/10/09 11:11:00,3552,CO-2-16330-M1-09_Common-UJ-,,,
2019/10/09 11:12:00,3553,CO-2-16330-M1-09_Common-UJ-,,,
2019/10/09 11:13:00,3554,CO-2-16330-M1-09_Common-UJ-,,,
2019/10/09 11:14:00,3555,CO-2-16330-M1-09_Common-UJ-,,,
2019/10/09 11:15:00,3556,CO-2-16330-M1-09_Common-UJ-,,,
2019/10/09 11:16:00,3557,CO-2-16330-M1-09_Common-UJ-,,,
2019/10/09 11:17:00,3558,CO-2-16330-M1-09_Common-UJ-,,,
2019/10/09 11:18:00,3559,CO-2-16330-M1-09_Common-UJ-,,,
2019/10/09 11:19:00,3560,CO-2-16330-M1-09_Common-UJ-,,,
2019/10/09 11:20:00,3561,CO-2-16330-M1-09_Common-UJ-,,,
2019/10/09 11:21:00,3562,CO-2-16330-M1-09_Common-UJ-,,,
2019/10/09 11:22:00,3563,CO-2-16330-M1-09_Common-UJ-,,,
2019/10/09 11:23:00,3564,CO-2-16330-M1-09_Common-UJ-,,,
2019/10/09 11:24:00,3565,CO-2-16330-M1-09_Common-UJ-,,,
2019/10/09 11:25:00,3566,CO-2-16330-M1-09_Common-UJ-,,,
2019/10/09 11:26:00,3567,CO-2-16330-M1-09_Common-UJ-,,,
2019/10/09 11:27:00,3568,CO-2-16330-M1-09_Common-UJ-,,,
2019/10/09 11:28:00,3569,CO-2-16330-M1-09_Common-UJ-,,,
2019/10/09 11:29:00,3570,CO-2-16330-M1-09_Common-UJ-,,,
2019/10/09 11:30:00,3571,CO-2-16330-M1-09_Common-UJ-,,,
2019/10/09 11:31:00,3572,CO-2-16330-M1-09_Common-UJ-,,,
2019/10/09 11:32:00,3573,CO-2-16330-M1-09_Common-UJ-,,,
2019/10/09 11:33:00,3574,CO-2-16330-M1-09_Common-UJ-,,,
2019/10/09 11:34:00,3575,CO-2-16330-M1-09_Common-UJ-,,,
2019/10/09 11:35:00,3576,CO-2-16330-M1-09_Common-UJ-,,,
2019/10/09 11:36:00,3577,CO-2-16330-M1-09_Common-UJ-,,,
2019/10/09 11:37:00,3578,CO-2-16330-M1-09_Common-UJ-,,,
2019/10/09 11:38:00,3579,CO-2-16330-M1-09_Common-UJ-,,,
2019/10/09 11:39:00,3580,CO-2-16330-M1-09_Common-UJ-,,,
2019/10/09 11:40:00,3581,CO-2-16330-M1-09_Common-UJ-,,,
2019/10/09 11:41:00,3582,CO-2-16330-M1-09_Common-UJ-,,,
2019/10/09 11:42:00,3583,CO-2-16330-M1-09_Common-UJ-,,,
2019/10/09 11:43:00,3584,CO-2-16330-M1-09_Common-UJ-,,,
2019/10/09 11:44:00,3585,CO-2-16330-M1-09_Common-UJ-,,,
2019/10/09 11:45:00,3586,CO-2-16330-M1-09_Common-UJ-,,,
2019/10/09 11:46:00,3587,CO-2-16330-M1-09_Common-UJ-,,,
2019/10/09 11:47:00,3588,CO-2-16330-M1-09_Common-UJ-,,,
2019/10/09 11:48:00,3589,CO-2-16330-M1-09_Common-UJ-,,,
2019/10/09 11:49:00,3590,CO-2-16330-M1-09_Common-UJ-,,,
2019/10/09 11:50:00,3591,CO-2-16330-M1-09_Common-UJ-,,,
2019/10/09 11:51:00,3592,CO-2-16330-M1-09_Common-UJ-,,,
2019/10/09 11:52:00,3593,CO-2-16330-M1-09_Common-UJ-,,,
2019/10/09 11:53:00,3594,CO-2-16330-M1-09_Common-UJ-,,,
2019/10/09 11:54:00,3595,CO-2-16330-M1-09_Common-UJ-,,,
2019/10/09 11:55:00,3596,CO-2-16330-M1-09_Common-UJ-,,,
2019/10/09 11:56:00,3597,CO-2-16330-M1-09_Common-UJ-,,,
2019/10/09 11:57:00,3598,CO-2-16330-M1-09_Common-UJ-,,,
2019/10/09 11:58:00,3599,CO-2-16330-M1-09_Common-UJ-,,,
2019/10/09 11:59:00,3600,CO-2-16330-M1-09_Common-UJ-,,,
2019/10/09 12:00:00,3601,CO-2-16330-M1-09_Common-UJ-,,,
2019/10/09 12:01:00,3602,CO-2-16330-M1-09_Common-UJ-,,,
2019/10/09 12:02:00,3603,CO-2-16330-M1-09_Common-UJ-,,,
2019/10/09 12:03:00,3604,CO-2-16330-M1-09_Common-UJ-,,,
2019/10/09 12:04:00,3605,CO-2-16330-M1-09_Common-UJ-,,,
2019/10/09 12:05:00,3606,CO-2-16330-M1-09_Common-UJ-,,,
2019/10/09 12:06:00,3607,CO-2-16330-M1-09_Common-UJ-,,,
2019/10/09 12:07:00,3608,CO-2-16330-M1-09_Common-UJ-,,,
2019/10/09 12:08:00,3609,CO-2-16330-M1-09_Common-UJ-,,,
2019/10/09 12:09:00,3610,CO-2-16330-M1-09_Common-UJ-,,,
2019/10/09 12:10:00,3611,CO-2-16330-M1-09_Common-UJ-,,,
2019/10/09 12:11:00,3612,CO-2-16330-M1-09_Common-UJ-,,,
2019/10/09 12:12:00,3613,CO-2-16330-M1-09_Common-UJ-,,,
2019/10/09 12:13:00,3614,CO-2-16330-M1-09_Common-UJ-,,,
2019/10/09 12:14:00,3615,CO-2-16330-M1-09_Common-UJ-,,,
2019/10/09 12:15:00,3616,CO-2-16330-M1-09_Common-UJ-,,,
2019/10/09 12:16:00,3617,CO-2-16330-M1-09_Common-UJ-,,,
2019/10/09 12:17:00,3618,CO-2-16330-M1-09_Common-UJ-,,,
2019/10/09 12:18:00,3619,CO-2-16330-M1-09_Common-UJ-,,,
2019/10/09 12:19:00,3620,CO-2-16330-M1-09_Common-UJ-,,,
2019/10/09 12:20:00,3621,CO-2-16330-M1-09_Common-UJ-,,,
2019/10/09 12:21:00,3622,CO-2-16330-M1-09_Common-UJ-,,,
2019/10/09 12:22:00,3623,CO-2-16330-M1-09_Common-UJ-,,,
2019/10/09 12:23:00,3624,CO-2-16330-M1-09_Common-UJ-,,,
2019/10/09 12:24:00,3625,CO-2-16330-M1-09_Common-UJ-,,,
2019/10/09 12:25:00,3626,CO-2-16330-M1-09_Common-UJ-,,,
2019/10/09 12:26:00,3627,CO-2-16330-M1-09_Common-UJ-,,,
2019/10/09 12:27:00,3628,CO-2-16330-M1-09_Common-UJ-,,,
2019/10/09 12:28:00,3629,CO-2-16330-M1-09_Common-UJ-,,,
2019/10/09 12:29:00,3630,CO-2-16330-M1-09_Common-UJ-,,,
2019/10/09 12:30:00,3631,CO-2-16330-M1-09_Common-UJ-,,,
2019/10/09 12:31:00,3632,CO-2-16330-M1-09_Common-UJ-,,,
2019/10/09 12:32:00,3633,CO-2-16330-M1-09_Common-UJ-,,,
2019/10/09 12:33:00,3634,CO-2-16330-M1-09_Common-UJ-,,,
2019/10/09 12:34:00,3635,CO-2-16330-M1-09_Common-UJ-,,,
2019/10/09 12:35:00,3636,CO-2-16330-M1-09_Common-UJ-,,,
2019/10/09 12:36:00,3637,CO-2-16330-M1-09_Common-UJ-,,,
2019/10/09 12:37:00,3638,CO-2-16330-M1-09_Common-UJ-,,,
2019/10/09 12:38:00,3639,CO-2-16330-M1-09_Common-UJ-,,,
2019/10/09 12:39:00,3640,CO-2-16330-M1-09_Common-UJ-,,,
2019/10/09 12:40:00,3641,CO-2-16330-M1-09_Common-UJ-,,,
2019/10/09 12:41:00,3642,CO-2-16330-M1-09_Common-UJ-,,,
2019/10/09 12:42:00,3643,CO-2-16330-M1-09_Common-UJ-,,,
2019/10/09 12:43:00,3644,CO-2-16330-M1-09_Common-UJ-,,,
2019/10/09 12:44:00,3645,CO-2-16330-M1-09_Common-UJ-,,,
2019/10/09 12:45:00,3646,CO-2-16330-M1-09_Common-UJ-,,,
2019/10/09 12:46:00,3647,CO-2-16330-M1-09_Common-UJ-,,,
2019/10/09 12:47:00,3648,CO-2-16330-M1-09_Common-UJ-,,,
2019/10/09 12:48:00,3649,CO-2-16330-M1-09_Common-UJ-,,,
2019/10/09 12:49:00,3650,CO-2-16330-M1-09_Common-UJ-,,,
2019/10/09 12:50:00,3651,CO-2-16330-M1-09_Common-UJ-,,,
2019/10/09 12:51:00,3652,CO-2-16330-M1-09_Common-UJ-,,,
2019/10/09 12:52:00,3653,CO-2-16330-M1-09_Common-UJ-,,,
2019/10/09 12:53:00,3654,CO-2-16330-M1-09_Common-UJ-,,,
2019/10/09 12:54:00,3655,CO-2-16330-M1-09_Common-UJ-,,,
2019/10/09 12:55:00,3656,CO-2-16330-M1-09_Common-UJ-,,,
2019/10/09 12:56:00,3657,CO-2-16330-M1-09_Common-UJ-,,,
2019/10/09 12:57:00,3658,CO-2-16330-M1-09_Common-UJ-,,,
2019/10/09 12:58:00,3659,CO-2-16330-M1-09_Common-UJ-,,,
2019/10/09 12:59:00,3660,CO-2-16330-M1-09_Common-UJ-,,,
2019/10/09 13:00:00,3661,CO-2-16330-M1-09_Common-UJ-,,,
2019/10/09 13:01:00,3662,CO-2-16330-M1-09_Common-UJ-,,,
2019/10/09 13:02:00,3663,CO-2-16330-M1-09_Common-UJ-,,,
2019/10/09 13:03:00,3664,CO-2-16330-M1-09_Common-UJ-,,,
2019/10/09 13:04:00,3665,CO-2-16330-M1-09_Common-UJ-,,,
2019/10/09 13:05:00,3666,CO-2-16330-M1-09_Common-UJ-,,,
2019/10/09 13:06:00,3667,CO-2-16330-M1-09_Common-UJ-,,,
2019/10/09 13:07:00,3668,CO-2-16330-M1-09_Common-UJ-,,,
2019/10/09 13:08:00,3669,CO-2-16330-M1-09_Common-UJ-,,,
2019/10/09 13:09:00,3670,CO-2-16330-M1-09_Common-UJ-,,,
2019/10/09 13:10:00,3671,CO-2-16330-M1-09_Common-UJ-,,,
2019/10/09 13:11:00,3672,CO-2-16330-M1-09_Common-UJ-,,,
2019/10/09 13:12:00,3673,CO-2-16330-M1-09_Common-UJ-,,,
2019/10/09 13:13:00,3674,CO-2-16330-M1-09_Common-UJ-,,,
2019/10/09 13:14:00,3675,CO-2-16330-M1-09_Common-UJ-,,,
2019/10/09 13:15:00,3676,CO-2-16330-M1-09_Common-UJ-,,,
2019/10/09 13:16:00,3677,CO-2-16330-M1-09_Common-UJ-,,,
2019/10/09 13:17:00,3678,CO-2-16330-M1-09_Common-UJ-,,,
2019/10/09 13:18:00,3679,CO-2-16330-M1-09_Common-UJ-,,,
2019/10/09 13:19:00,3680,CO-2-16330-M1-09_Common-UJ-,,,
2019/10/09 13:20:00,3681,CO-2-16330-M1-09_Common-UJ-,,,
2019/10/09 13:21:00,3682,CO-2-16330-M1-09_Common-UJ-,,,
2019/10/09 13:22:00,3683,CO-2-16330-M1-09_Common-UJ-,,,
2019/10/09 13:23:00,3684,CO-2-16330-M1-09_Common-UJ-,,,
2019/10/09 13:24:00,3685,CO-2-16330-M1-09_Common-UJ-,,,
2019/10/09 13:25:00,3686,CO-2-16330-M1-09_Common-UJ-,,,
2019/10/09 13:26:00,3687,CO-2-16330-M1-09_Common-UJ-,,,
2019/10/09 13:27:00,3688,CO-2-16330-M1-09_Common-UJ-,,,
2019/10/09 13:28:00,3689,CO-2-16330-M1-09_Common-UJ-,,,
2019/10/09 13:29:00,3690,CO-2-16330-M1-09_Common-UJ-,,,
2019/10/09 13:30:00,3691,CO-2-16330-M1-09_Common-UJ-,,,
2019/10/09 13:31:00,3692,CO-2-16330-M1-09_Common-UJ-,,,
2019/10/09 13:32:00,3693,CO-2-16330-M1-09_Common-UJ-,,,
2019/10/09 13:33:00,3694,CO-2-16330-M1-09_Common-UJ-,,,
2019/10/09 13:34:00,3695,CO-2-16330-M1-09_Common-UJ-,,,
2019/10/09 13:35:00,3696,CO-2-16330-M1-09_Common-UJ-,,,
2019/10/09 13:36:00,3697,CO-2-16330-M1-09_Common-UJ-,,,
2019/10/09 13:37:00,3698,CO-2-16330-M1-09_Common-UJ-,,,
2019/10/09 13:38:00,3699,CO-2-16330-M1-09_Common-UJ-,,,
2019/10/09 13:39:00,3700,CO-2-16330-M1-09_Common-UJ-,,,
2019/10/09 13:40:00,3701,CO-2-16330-M1-09_Common-UJ-,,,
2019/10/09 13:41:00,3702,CO-2-16330-M1-09_Common-UJ-,,,
2019/10/09 13:42:00,3703,CO-2-16330-M1-09_Common-UJ-,,,
2019/10/09 13:43:00,3704,CO-2-16330-M1-09_Common-UJ-,,,
2019/10/09 13:44:00,3705,CO-2-16330-M1-09_Common-UJ-,,,
2019/10/09 13:45:00,3706,CO-2-16330-M1-09_Common-UJ-,,,
2019/10/09 13:46:00,3707,CO-2-16330-M1-09_Common-UJ-,,,
2019/10/09 13:47:00,3708,CO-2-16330-M1-09_Common-UJ-,,,
2019/10/09 13:48:00,3709,CO-2-16330-M1-09_Common-UJ-,,,
2019/10/09 13:49:00,3710,CO-2-16330-M1-09_Common-UJ-,,,
2019/10/09 13:50:00,3711,CO-2-16330-M1-09_Common-UJ-,,,
2019/10/09 13:51:00,3712,CO-2-16330-M1-09_Common-UJ-,,,
2019/10/09 13:52:00,3713,CO-2-16330-M1-09_Common-UJ-,,,
2019/10/09 13:53:00,3714,CO-2-16330-M1-09_Common-UJ-,,,
2019/10/09 13:54:00,3715,CO-2-16330-M1-09_Common-UJ-,,,
2019/10/09 13:55:00,3716,CO-2-16330-M1-09_Common-UJ-,,,
2019/10/09 13:56:00,3717,CO-2-16330-M1-09_Common-UJ-,,,
2019/10/09 13:57:00,3718,CO-2-16330-M1-09_Common-UJ-,,,
2019/10/09 13:58:00,3719,CO-2-16330-M1-09_Common-UJ-,,,
2019/10/09 13:59:00,3720,CO-2-16330-M1-09_Common-UJ-,,,
2019/10/09 14:00:00,3721,CO-2-16330-M1-09_Common-UJ-,,,
2019/10/09 14:01:00,3722,CO-2-16330-M1-09_Common-UJ-,,,
2019/10/09 14:02:00,3723,CO-2-16330-M1-09_Common-UJ-,,,
2019/10/09 14:03:00,3724,CO-2-16330-M1-09_Common-UJ-,,,
2019/10/09 14:04:00,3725,CO-2-16330-M1-09_Common-UJ-,,,
2019/10/09 14:05:00,3726,CO-2-16330-M1-09_Common-UJ-,,,
2019/10/09 14:06:00,3727,CO-2-16330-M1-09_Common-UJ-,,,
2019/10/09 14:07:00,3728,CO-2-16330-M1-09_Common-UJ-,,,
2019/10/09 14:08:00,3729,CO-2-16330-M1-09_Common-UJ-,,,
2019/10/09 14:09:00,3730,CO-2-16330-M1-09_Common-UJ-,,,
2019/10/09 14:10:00,3731,CO-2-16330-M1-09_Common-UJ-,,,
2019/10/09 14:11:00,3732,CO-2-16330-M1-09_Common-UJ-,,,
2019/10/09 14:12:00,3733,CO-2-16330-M1-09_Common-UJ-,,,
2019/10/09 14:13:00,3734,CO-2-16330-M1-09_Common-UJ-,,,
2019/10/09 14:14:00,3735,CO-2-16330-M1-09_Common-UJ-,,,
2019/10/09 14:15:00,3736,CO-2-16330-M1-09_Common-UJ-,,,
2019/10/09 14:16:00,3737,CO-2-16330-M1-09_Common-UJ-,,,
2019/10/09 14:17:00,3738,CO-2-16330-M1-09_Common-UJ-,,,
2019/10/09 14:18:00,3739,CO-2-16330-M1-09_Common-UJ-,,,
2019/10/09 14:19:00,3740,CO-2-16330-M1-09_Common-UJ-,,,
2019/10/09 14:20:00,3741,CO-2-16330-M1-09_Common-UJ-,,,
2019/10/09 14:21:00,3742,CO-2-16330-M1-09_Common-UJ-,,,
2019/10/09 14:22:00,3743,CO-2-16330-M1-09_Common-UJ-,,,
2019/10/09 14:23:00,3744,CO-2-16330-M1-09_Common-UJ-,,,
2019/10/09 14:24:00,3745,CO-2-16330-M1-09_Common-UJ-,,,
2019/10/09 14:25:00,3746,CO-2-16330-M1-09_Common-UJ-,,,
2019/10/09 14:26:00,3747,CO-2-16330-M1-09_Common-UJ-,,,
2019/10/09 14:27:00,3748,CO-2-16330-M1-09_Common-UJ-,,,
2019/10/09 14:28:00,3749,CO-2-16330-M1-09_Common-UJ-,,,
2019/10/09 14:29:00,3750,CO-2-16330-M1-09_Common-UJ-,,,
2019/10/09 14:30:00,3751,CO-2-16330-M1-09_Common-UJ-,,,
2019/10/09 14:31:00,3752,CO-2-16330-M1-09_Common-UJ-,,,
2019/10/09 14:32:00,3753,CO-2-16330-M1-09_Common-UJ-,,,
2019/10/09 14:33:00,3754,CO-2-16330-M1-09_Common-UJ-,,,
2019/10/09 14:34:00,3755,CO-2-16330-M1-09_Common-UJ-,,,
2019/10/09 14:35:00,3756,CO-2-16330-M1-09_Common-UJ-,,,
2019/10/09 14:36:00,3757,CO-2-16330-M1-09_Common-UJ-,,,
2019/10/09 14:37:00,3758,CO-2-16330-M1-09_Common-UJ-,,,
2019/10/09 14:38:00,3759,CO-2-16330-M1-09_Common-UJ-,,,
2019/10/09 14:39:00,3760,CO-2-16330-M1-09_Common-UJ-,,,
2019/10/09 14:40:00,3761,CO-2-16330-M1-09_Common-UJ-,,,
2019/10/09 14:41:00,3762,CO-2-16330-M1-09_Common-UJ-,,,
2019/10/09 14:42:00,3763,CO-2-16330-M1-09_Common-UJ-,,,
2019/10/09 14:43:00,3764,CO-2-16330-M1-09_Common-UJ-,,,
2019/10/09 14:44:00,3765,CO-2-16330-M1-09_Common-UJ-,,,
2019/10/09 14:45:00,3766,CO-2-16330-M1-09_Common-UJ-,,,
2019/10/09 14:46:00,3767,CO-2-16330-M1-09_Common-UJ-,,,
2019/10/09 14:47:00,3768,CO-2-16330-M1-09_Common-UJ-,,,
2019/10/09 14:48:00,3769,CO-2-16330-M1-09_Common-UJ-,,,
2019/10/09 14:49:00,3770,CO-2-16330-M1-09_Common-UJ-,,,
2019/10/09 14:50:00,3771,CO-2-16330-M1-09_Common-UJ-,,,
2019/10/09 14:51:00,3772,CO-2-16330-M1-09_Common-UJ-,,,
2019/10/09 14:52:00,3773,CO-2-16330-M1-09_Common-UJ-,,,
2019/10/09 14:53:00,3774,CO-2-16330-M1-09_Common-UJ-,,,
2019/10/09 14:54:00,3775,CO-2-16330-M1-09_Common-UJ-,,,
2019/10/09 14:55:00,3776,CO-2-16330-M1-09_Common-UJ-,,,
2019/10/09 14:56:00,3777,CO-2-16330-M1-09_Common-UJ-,,,
2019/10/09 14:57:00,3778,CO-2-16330-M1-09_Common-UJ-,,,
2019/10/09 14:58:00,3779,CO-2-16330-M1-09_Common-UJ-,,,
2019/10/09 14:59:00,3780,CO-2-16330-M1-09_Common-UJ-,,,
2019/10/09 15:00:00,3781,CO-2-16330-M1-09_Common-UJ-,,,
2019/10/09 15:01:00,3782,CO-2-16330-M1-09_Common-UJ-,,,
2019/10/09 15:02:00,3783,CO-2-16330-M1-09_Common-UJ-,,,
2019/10/09 15:03:00,3784,CO-2-16330-M1-09_Common-UJ-,,,
2019/10/09 15:04:00,3785,CO-2-16330-M1-09_Common-UJ-,,,
2019/10/09 15:05:00,3786,CO-2-16330-M1-09_Common-UJ-,,,
2019/10/09 15:06:00,3787,CO-2-16330-M1-09_Common-UJ-,,,
2019/10/09 15:07:00,3788,CO-2-16330-M1-09_Common-UJ-,,,
2019/10/09 15:08:00,3789,CO-2-16330-M1-09_Common-UJ-,,,
2019/10/09 15:09:00,3790,CO-2-16330-M1-09_Common-UJ-,,,
2019/10/09 15:10:00,3791,CO-2-16330-M1-09_Common-UJ-,,,
2019/10/09 15:11:00,3792,CO-2-16330-M1-09_Common-UJ-,,,
2019/10/09 15:12:00,3793,CO-2-16330-M1-09_Common-UJ-,,,
2019/10/09 15:13:00,3794,CO-2-16330-M1-09_Common-UJ-,,,
2019/10/09 15:14:00,3795,CO-2-16330-M1-09_Common-UJ-,,,
2019/10/09 15:15:00,3796,CO-2-16330-M1-09_Common-UJ-,,,
2019/10/09 15:16:00,3797,CO-2-16330-M1-09_Common-UJ-,,,
2019/10/09 15:17:00,3798,CO-2-16330-M1-09_Common-UJ-,,,
2019/10/09 15:18:00,3799,CO-2-16330-M1-09_Common-UJ-,,,
2019/10/09 15:19:00,3800,CO-2-16330-M1-09_Common-UJ-,,,
2019/10/09 15:20:00,3801,CO-2-16330-M1-09_Common-UJ-,,,
2019/10/09 15:21:00,3802,CO-2-16330-M1-09_Common-UJ-,,,
2019/10/09 15:22:00,3803,CO-2-16330-M1-09_Common-UJ-,,,
2019/10/09 15:23:00,3804,CO-2-16330-M1-09_Common-UJ-,,,
2019/10/09 15:24:00,3805,CO-2-16330-M1-09_Common-UJ-,,,
2019/10/09 15:25:00,3806,CO-2-16330-M1-09_Common-UJ-,,,
2019/10/09 15:26:00,3807,CO-2-16330-M1-09_Common-UJ-,,,
2019/10/09 15:27:00,3808,CO-2-16330-M1-09_Common-UJ-,,,
2019/10/09 15:28:00,3809,CO-2-16330-M1-09_Common-UJ-,,,
2019/10/09 15:29:00,3810,CO-2-16330-M1-09_Common-UJ-,,,
2019/10/09 15:30:00,3811,CO-2-16330-M1-09_Common-UJ-,,,
2019/10/09 15:31:00,3812,CO-2-16330-M1-09_Common-UJ-,,,
2019/10/09 15:32:00,3813,CO-2-16330-M1-09_Common-UJ-,,,
2019/10/09 15:33:00,3814,CO-2-16330-M1-09_Common-UJ-,,,
2019/10/09 15:34:00,3815,CO-2-16330-M1-09_Common-UJ-,,,
2019/10/09 15:35:00,3816,CO-2-16330-M1-09_Common-UJ-,,,
2019/10/09 15:36:00,3817,CO-2-16330-M1-09_Common-UJ-,,,
2019/10/09 15:37:00,3818,CO-2-16330-M1-09_Common-UJ-,,,
2019/10/09 15:38:00,3819,CO-2-16330-M1-09_Common-UJ-,,,
2019/10/09 15:39:00,3820,CO-2-16330-M1-09_Common-UJ-,,,
2019/10/09 15:40:00,3821,CO-2-16330-M1-09_Common-UJ-,,,
2019/10/09 15:41:00,3822,CO-2-16330-M1-09_Common-UJ-,,,
2019/10/09 15:42:00,3823,CO-2-16330-M1-09_Common-UJ-,,,
2019/10/09 15:43:00,3824,CO-2-16330-M1-09_Common-UJ-,,,
2019/10/09 15:44:00,3825,CO-2-16330-M1-09_Common-UJ-,,,
2019/10/09 15:45:00,3826,CO-2-16330-M1-09_Common-UJ-,,,
2019/10/09 15:46:00,3827,CO-2-16330-M1-09_Common-UJ-,,,
2019/10/09 15:47:00,3828,CO-2-16330-M1-09_Common-UJ-,,,
2019/10/09 15:48:00,3829,CO-2-16330-M1-09_Common-UJ-,,,
2019/10/09 15:49:00,3830,CO-2-16330-M1-09_Common-UJ-,,,
2019/10/09 15:50:00,3831,CO-2-16330-M1-09_Common-UJ-,,,
2019/10/09 15:51:00,3832,CO-2-16330-M1-09_Common-UJ-,,,
2019/10/09 15:52:00,3833,CO-2-16330-M1-09_Common-UJ-,,,
2019/10/09 15:53:00,3834,CO-2-16330-M1-09_Common-UJ-,,,
2019/10/09 15:54:00,3835,CO-2-16330-M1-09_Common-UJ-,,,
2019/10/09 15:55:00,3836,CO-2-16330-M1-09_Common-UJ-,,,
2019/10/09 15:56:00,3837,CO-2-16330-M1-09_Common-UJ-,,,
2019/10/09 15:57:00,3838,CO-2-16330-M1-09_Common-UJ-,,,
2019/10/09 15:58:00,3839,CO-2-16330-M1-09_Common-UJ-,,,
2019/10/09 15:59:00,3840,CO-2-16330-M1-09_Common-UJ-,,,
2019/10/09 16:00:00,3841,CO-2-16330-M1-09_Common-UJ-,,,
2019/10/09 16:01:00,3842,CO-2-16330-M1-09_Common-UJ-,,,
2019/10/09 16:02:00,3843,CO-2-16330-M1-09_Common-UJ-,,,
2019/10/09 16:03:00,3844,CO-2-16330-M1-09_Common-UJ-,,,
2019/10/09 16:04:00,3845,CO-2-16330-M1-09_Common-UJ-,,,
2019/10/09 16:05:00,3846,CO-2-16330-M1-09_Common-UJ-,,,
2019/10/09 16:06:00,3847,CO-2-16330-M1-09_Common-UJ-,,,
2019/10/09 16:07:00,3848,CO-2-16330-M1-09_Common-UJ-,,,
2019/10/09 16:08:00,3849,CO-2-16330-M1-09_Common-UJ-,,,
2019/10/09 16:09:00,3850,CO-2-16330-M1-09_Common-UJ-,,,
2019/10/09 16:10:00,3851,CO-2-16330-M1-09_Common-UJ-,,,
2019/10/09 16:11:00,3852,CO-2-16330-M1-09_Common-UJ-,,,
2019/10/09 16:12:00,3853,CO-2-16330-M1-09_Common-UJ-,,,
2019/10/09 16:13:00,3854,CO-2-16330-M1-09_Common-UJ-,,,
2019/10/09 16:14:00,3855,CO-2-16330-M1-09_Common-UJ-,,,
2019/10/09 16:15:00,3856,CO-2-16330-M1-09_Common-UJ-,,,
2019/10/09 16:16:00,3857,CO-2-16330-M1-09_Common-UJ-,,,
2019/10/09 16:17:00,3858,CO-2-16330-M1-09_Common-UJ-,,,
2019/10/09 16:18:00,3859,CO-2-16330-M1-09_Common-UJ-,,,
2019/10/09 16:19:00,3860,CO-2-16330-M1-09_Common-UJ-,,,
2019/10/09 16:20:00,3861,CO-2-16330-M1-09_Common-UJ-,,,
2019/10/09 16:21:00,3862,CO-2-16330-M1-09_Common-UJ-,,,
2019/10/09 16:22:00,3863,CO-2-16330-M1-09_Common-UJ-,,,
2019/10/09 16:23:00,3864,CO-2-16330-M1-09_Common-UJ-,,,
2019/10/09 16:24:00,3865,CO-2-16330-M1-09_Common-UJ-,,,
2019/10/09 16:25:00,3866,CO-2-16330-M1-09_Common-UJ-,,,
2019/10/09 16:26:00,3867,CO-2-16330-M1-09_Common-UJ-,,,
2019/10/09 16:27:00,3868,CO-2-16330-M1-09_Common-UJ-,,,
2019/10/09 16:28:00,3869,CO-2-16330-M1-09_Common-UJ-,,,
2019/10/09 16:29:00,3870,CO-2-16330-M1-09_Common-UJ-,,,
2019/10/09 16:30:00,3871,CO-2-16330-M1-09_Common-UJ-,,,
2019/10/09 16:31:00,3872,CO-2-16330-M1-09_Common-UJ-,,,
2019/10/09 16:32:00,3873,CO-2-16330-M1-09_Common-UJ-,,,
2019/10/09 16:33:00,3874,CO-2-16330-M1-09_Common-UJ-,,,
2019/10/09 16:34:00,3875,CO-2-16330-M1-09_Common-UJ-,,,
2019/10/09 16:35:00,3876,CO-2-16330-M1-09_Common-UJ-,,,
2019/10/09 16:36:00,3877,CO-2-16330-M1-09_Common-UJ-,,,
2019/10/09 16:37:00,3878,CO-2-16330-M1-09_Common-UJ-,,,
2019/10/09 16:38:00,3879,CO-2-16330-M1-09_Common-UJ-,,,
2019/10/09 16:39:00,3880,CO-2-16330-M1-09_Common-UJ-,,,
2019/10/09 16:40:00,3881,CO-2-16330-M1-09_Common-UJ-,,,
2019/10/09 16:41:00,3882,CO-2-16330-M1-09_Common-UJ-,,,
2019/10/09 16:42:00,3883,CO-2-16330-M1-09_Common-UJ-,,,
2019/10/09 16:43:00,3884,CO-2-16330-M1-09_Common-UJ-,,,
2019/10/09 16:44:00,3885,CO-2-16330-M1-09_Common-UJ-,,,
2019/10/09 16:45:00,3886,CO-2-16330-M1-09_Common-UJ-,,,
2019/10/09 16:46:00,3887,CO-2-16330-M1-09_Common-UJ-,,,
2019/10/09 16:47:00,3888,CO-2-16330-M1-09_Common-UJ-,,,
2019/10/09 16:48:00,3889,CO-2-16330-M1-09_Common-UJ-,,,
2019/10/09 16:49:00,3890,CO-2-16330-M1-09_Common-UJ-,,,
2019/10/09 16:50:00,3891,CO-2-16330-M1-09_Common-UJ-,,,
2019/10/09 16:51:00,3892,CO-2-16330-M1-09_Common-UJ-,,,
2019/10/09 16:52:00,3893,CO-2-16330-M1-09_Common-UJ-,,,
2019/10/09 16:53:00,3894,CO-2-16330-M1-09_Common-UJ-,,,
2019/10/09 16:54:00,3895,CO-2-16330-M1-09_Common-UJ-,,,
2019/10/09 16:55:00,3896,CO-2-16330-M1-09_Common-UJ-,,,
2019/10/09 16:56:00,3897,CO-2-16330-M1-09_Common-UJ-,,,
2019/10/09 16:57:00,3898,CO-2-16330-M1-09_Common-UJ-,,,
2019/10/09 16:58:00,3899,CO-2-16330-M1-09_Common-UJ-,,,
2019/10/09 16:59:00,3900,CO-2-16330-M1-09_Common-UJ-,,,
2019/10/09 17:00:00,3901,CO-2-16330-M1-09_Common-UJ-,,,
2019/10/09 17:01:00,3902,CO-2-16330-M1-09_Common-UJ-,,,
2019/10/09 17:02:00,3903,CO-2-16330-M1-09_Common-UJ-,,,
2019/10/09 17:03:00,3904,CO-2-16330-M1-09_Common-UJ-,,,
2019/10/09 17:04:00,3905,CO-2-16330-M1-09_Common-UJ-,,,
2019/10/09 17:05:00,3906,CO-2-16330-M1-09_Common-UJ-,,,
2019/10/09 17:06:00,3907,CO-2-16330-M1-09_Common-UJ-,,,
2019/10/09 17:07:00,3908,CO-2-16330-M1-09_Common-UJ-,,,
2019/10/09 17:08:00,3909,CO-2-16330-M1-09_Common-UJ-,,,
2019/10/09 17:09:00,3910,CO-2-16330-M1-09_Common-UJ-,,,
2019/10/09 17:10:00,3911,CO-2-16330-M1-09_Common-UJ-,,,
2019/10/09 17:11:00,3912,CO-2-16330-M1-09_Common-UJ-,,,
2019/10/09 17:12:00,3913,CO-2-16330-M1-09_Common-UJ-,,,
2019/10/09 17:13:00,3914,CO-2-16330-M1-09_Common-UJ-,,,
2019/10/09 17:14:00,3915,CO-2-16330-M1-09_Common-UJ-,,,
2019/10/09 17:15:00,3916,CO-2-16330-M1-09_Common-UJ-,,,
2019/10/09 17:16:00,3917,CO-2-16330-M1-09_Common-UJ-,,,
2019/10/09 17:17:00,3918,CO-2-16330-M1-09_Common-UJ-,,,
2019/10/09 17:18:00,3919,CO-2-16330-M1-09_Common-UJ-,,,
2019/10/09 17:19:00,3920,CO-2-16330-M1-09_Common-UJ-,,,
2019/10/09 17:20:00,3921,CO-2-16330-M1-09_Common-UJ-,,,
2019/10/09 17:21:00,3922,CO-2-16330-M1-09_Common-UJ-,,,
2019/10/09 17:22:00,3923,CO-2-16330-M1-09_Common-UJ-,,,
2019/10/09 17:23:00,3924,CO-2-16330-M1-09_Common-UJ-,,,
2019/10/09 17:24:00,3925,CO-2-16330-M1-09_Common-UJ-,,,
2019/10/09 17:25:00,3926,CO-2-16330-M1-09_Common-UJ-,,,
2019/10/09 17:26:00,3927,CO-2-16330-M1-09_Common-UJ-,,,
2019/10/09 17:27:00,3928,CO-2-16330-M1-09_Common-UJ-,,,
2019/10/09 17:28:00,3929,CO-2-16330-M1-09_Common-UJ-,,,
2019/10/09 17:29:00,3930,CO-2-16330-M1-09_Common-UJ-,,,
2019/10/09 17:30:00,3931,CO-2-16330-M1-09_Common-UJ-,,,
2019/10/09 17:31:00,3932,CO-2-16330-M1-09_Common-UJ-,,,
2019/10/09 17:32:00,3933,CO-2-16330-M1-09_Common-UJ-,,,
2019/10/09 17:33:00,3934,CO-2-16330-M1-09_Common-UJ-,,,
2019/10/09 17:34:00,3935,CO-2-16330-M1-09_Common-UJ-,,,
2019/10/09 17:35:00,3936,CO-2-16330-M1-09_Common-UJ-,,,
2019/10/09 17:36:00,3937,CO-2-16330-M1-09_Common-UJ-,,,
2019/10/09 17:37:00,3938,CO-2-16330-M1-09_Common-UJ-,,,
2019/10/09 17:38:00,3939,CO-2-16330-M1-09_Common-UJ-,,,
2019/10/09 17:39:00,3940,CO-2-16330-M1-09_Common-UJ-,,,
2019/10/09 17:40:00,3941,CO-2-16330-M1-09_Common-UJ-,,,
2019/10/09 17:41:00,3942,CO-2-16330-M1-09_Common-UJ-,,,
2019/10/09 17:42:00,3943,CO-2-16330-M1-09_Common-UJ-,,,
2019/10/09 17:43:00,3944,CO-2-16330-M1-09_Common-UJ-,,,
2019/10/09 17:44:00,3945,CO-2-16330-M1-09_Common-UJ-,,,
2019/10/09 17:45:00,3946,CO-2-16330-M1-09_Common-UJ-,,,
2019/10/09 17:46:00,3947,CO-2-16330-M1-09_Common-UJ-,,,
2019/10/09 17:47:00,3948,CO-2-16330-M1-09_Common-UJ-,,,
2019/10/09 17:48:00,3949,CO-2-16330-M1-09_Common-UJ-,,,
2019/10/09 17:49:00,3950,CO-2-16330-M1-09_Common-UJ-,,,
2019/10/09 17:50:00,3951,CO-2-16330-M1-09_Common-UJ-,,,
2019/10/09 17:51:00,3952,CO-2-16330-M1-09_Common-UJ-,,,
2019/10/09 17:52:00,3953,CO-2-16330-M1-09_Common-UJ-,,,
2019/10/09 17:53:00,3954,CO-2-16330-M1-09_Common-UJ-,,,
2019/10/09 17:54:00,3955,CO-2-16330-M1-09_Common-UJ-,,,
2019/10/09 17:55:00,3956,CO-2-16330-M1-09_Common-UJ-,,,
2019/10/09 17:56:00,3957,CO-2-16330-M1-09_Common-UJ-,,,
2019/10/09 17:57:00,3958,CO-2-16330-M1-09_Common-UJ-,,,
2019/10/09 17:58:00,3959,CO-2-16330-M1-09_Common-UJ-,,,
2019/10/09 17:59:00,3960,CO-2-16330-M1-09_Common-UJ-,,,
2019/10/09 18:00:00,3961,CO-2-16330-M1-09_Common-UJ-,,,
2019/10/09 18:01:00,3962,CO-2-16330-M1-09_Common-UJ-,,,
2019/10/09 18:02:00,3963,CO-2-16330-M1-09_Common-UJ-,,,
2019/10/09 18:03:00,3964,CO-2-16330-M1-09_Common-UJ-,,,
2019/10/09 18:04:00,3965,CO-2-16330-M1-09_Common-UJ-,,,
2019/10/09 18:05:00,3966,CO-2-16330-M1-09_Common-UJ-,,,
2019/10/09 18:06:00,3967,CO-2-16330-M1-09_Common-UJ-,,,
2019/10/09 18:07:00,3968,CO-2-16330-M1-09_Common-UJ-,,,
2019/10/09 18:08:00,3969,CO-2-16330-M1-09_Common-UJ-,,,
2019/10/09 18:09:00,3970,CO-2-16330-M1-09_Common-UJ-,,,
2019/10/09 18:10:00,3971,CO-2-16330-M1-09_Common-UJ-,,,
2019/10/09 18:11:00,3972,CO-2-16330-M1-09_Common-UJ-,,,
2019/10/09 18:12:00,3973,CO-2-16330-M1-09_Common-UJ-,,,
2019/10/09 18:13:00,3974,CO-2-16330-M1-09_Common-UJ-,,,
2019/10/09 18:14:00,3975,CO-2-16330-M1-09_Common-UJ-,,,
2019/10/09 18:15:00,3976,CO-2-16330-M1-09_Common-UJ-,,,
2019/10/09 18:16:00,3977,CO-2-16330-M1-09_Common-UJ-,,,
2019/10/09 18:17:00,3978,CO-2-16330-M1-09_Common-UJ-,,,
2019/10/09 18:18:00,3979,CO-2-16330-M1-09_Common-UJ-,,,
2019/10/09 18:19:00,3980,CO-2-16330-M1-09_Common-UJ-,,,
2019/10/09 18:20:00,3981,CO-2-16330-M1-09_Common-UJ-,,,
2019/10/09 18:21:00,3982,CO-2-16330-M1-09_Common-UJ-,,,
2019/10/09 18:22:00,3983,CO-2-16330-M1-09_Common-UJ-,,,
2019/10/09 18:23:00,3984,CO-2-16330-M1-09_Common-UJ-,,,
2019/10/09 18:24:00,3985,CO-2-16330-M1-09_Common-UJ-,,,
2019/10/09 18:25:00,3986,CO-2-16330-M1-09_Common-UJ-,,,
2019/10/09 18:26:00,3987,CO-2-16330-M1-09_Common-UJ-,,,
2019/10/09 18:27:00,3988,CO-2-16330-M1-09_Common-UJ-,,,
2019/10/09 18:28:00,3989,CO-2-16330-M1-09_Common-UJ-,,,
2019/10/09 18:29:00,3990,CO-2-16330-M1-09_Common-UJ-,,,
2019/10/09 18:30:00,3991,CO-2-16330-M1-09_Common-UJ-,,,
2019/10/09 18:31:00,3992,CO-2-16330-M1-09_Common-UJ-,,,
2019/10/09 18:32:00,3993,CO-2-16330-M1-09_Common-UJ-,,,
2019/10/09 18:33:00,3994,CO-2-16330-M1-09_Common-UJ-,,,
2019/10/09 18:34:00,3995,CO-2-16330-M1-09_Common-UJ-,,,
2019/10/09 18:35:00,3996,CO-2-16330-M1-09_Common-UJ-,,,
2019/10/09 18:36:00,3997,CO-2-16330-M1-09_Common-UJ-,,,
2019/10/09 18:37:00,3998,CO-2-16330-M1-09_Common-UJ-,,,
2019/10/09 18:38:00,3999,CO-2-16330-M1-09_Common-UJ-,,,
2019/10/09 18:39:00,4000,CO-2-16330-M1-09_Common-UJ-,,,
2019/10/09 18:40:00,4001,CO-2-16330-M1-09_Common-UJ-,,,
2019/10/09 18:41:00,4002,CO-2-16330-M1-09_Common-UJ-,,,
2019/10/09 18:42:00,4003,CO-2-16330-M1-09_Common-UJ-,,,
2019/10/09 18:43:00,4004,CO-2-16330-M1-09_Common-UJ-,,,
2019/10/09 18:44:00,4005,CO-2-16330-M1-09_Common-UJ-,,,
2019/10/09 18:45:00,4006,CO-2-16330-M1-09_Common-UJ-,,,
2019/10/09 18:46:00,4007,CO-2-16330-M1-09_Common-UJ-,,,
2019/10/09 18:47:00,4008,CO-2-16330-M1-09_Common-UJ-,,,
2019/10/09 18:48:00,4009,CO-2-16330-M1-09_Common-UJ-,,,
2019/10/09 18:49:00,4010,CO-2-16330-M1-09_Common-UJ-,,,
2019/10/09 18:50:00,4011,CO-2-16330-M1-09_Common-UJ-,,,
2019/10/09 18:51:00,4012,CO-2-16330-M1-09_Common-UJ-,,,
2019/10/09 18:52:00,4013,CO-2-16330-M1-09_Common-UJ-,,,
2019/10/09 18:53:00,4014,CO-2-16330-M1-09_Common-UJ-,,,
2019/10/09 18:54:00,4015,CO-2-16330-M1-09_Common-UJ-,,,
2019/10/09 18:55:00,4016,CO-2-16330-M1-09_Common-UJ-,,,
2019/10/09 18:56:00,4017,CO-2-16330-M1-09_Common-UJ-,,,
2019/10/09 18:57:00,4018,CO-2-16330-M1-09_Common-UJ-,,,
2019/10/09 18:58:00,4019,CO-2-16330-M1-09_Common-UJ-,,,
2019/10/09 18:59:00,4020,CO-2-16330-M1-09_Common-UJ-,,,
2019/10/09 19:00:00,4021,CO-2-16330-M1-09_Common-UJ-,,,
2019/10/09 19:01:00,4022,CO-2-16330-M1-09_Common-UJ-,,,
2019/10/09 19:02:00,4023,CO-2-16330-M1-09_Common-UJ-,,,
2019/10/09 19:03:00,4024,CO-2-16330-M1-09_Common-UJ-,,,
2019/10/09 19:04:00,4025,CO-2-16330-M1-09_Common-UJ-,,,
2019/10/09 19:05:00,4026,CO-2-16330-M1-09_Common-UJ-,,,
2019/10/09 19:06:00,4027,CO-2-16330-M1-09_Common-UJ-,,,
2019/10/09 19:07:00,4028,CO-2-16330-M1-09_Common-UJ-,,,
2019/10/09 19:08:00,4029,CO-2-16330-M1-09_Common-UJ-,,,
2019/10/09 19:09:00,4030,CO-2-16330-M1-09_Common-UJ-,,,
2019/10/09 19:10:00,4031,CO-2-16330-M1-09_Common-UJ-,,,
2019/10/09 19:11:00,4032,CO-2-16330-M1-09_Common-UJ-,,,
2019/10/09 19:12:00,4033,CO-2-16330-M1-09_Common-UJ-,,,
2019/10/09 19:13:00,4034,CO-2-16330-M1-09_Common-UJ-,,,
2019/10/09 19:14:00,4035,CO-2-16330-M1-09_Common-UJ-,,,
2019/10/09 19:15:00,4036,CO-2-16330-M1-09_Common-UJ-,,,
2019/10/09 19:16:00,4037,CO-2-16330-M1-09_Common-UJ-,,,
2019/10/09 19:17:00,4038,CO-2-16330-M1-09_Common-UJ-,,,
2019/10/09 19:18:00,4039,CO-2-16330-M1-09_Common-UJ-,,,
2019/10/09 19:19:00,4040,CO-2-16330-M1-09_Common-UJ-,,,
2019/10/09 19:20:00,4041,CO-2-16330-M1-09_Common-UJ-,,,
2019/10/09 19:21:00,4042,CO-2-16330-M1-09_Common-UJ-,,,
2019/10/09 19:22:00,4043,CO-2-16330-M1-09_Common-UJ-,,,
2019/10/09 19:23:00,4044,CO-2-16330-M1-09_Common-UJ-,,,
2019/10/09 19:24:00,4045,CO-2-16330-M1-09_Common-UJ-,,,
2019/10/09 19:25:00,4046,CO-2-16330-M1-09_Common-UJ-,,,
2019/10/09 19:26:00,4047,CO-2-16330-M1-09_Common-UJ-,,,
2019/10/09 19:27:00,4048,CO-2-16330-M1-09_Common-UJ-,,,
2019/10/09 19:28:00,4049,CO-2-16330-M1-09_Common-UJ-,,,
2019/10/09 19:29:00,4050,CO-2-16330-M1-09_Common-UJ-,,,
2019/10/09 19:30:00,4051,CO-2-16330-M1-09_Common-UJ-,,,
2019/10/09 19:31:00,4052,CO-2-16330-M1-09_Common-UJ-,,,
2019/10/09 19:32:00,4053,CO-2-16330-M1-09_Common-UJ-,,,
2019/10/09 19:33:00,4054,CO-2-16330-M1-09_Common-UJ-,,,
2019/10/09 19:34:00,4055,CO-2-16330-M1-09_Common-UJ-,,,
2019/10/09 19:35:00,4056,CO-2-16330-M1-09_Common-UJ-,,,
2019/10/09 19:36:00,4057,CO-2-16330-M1-09_Common-UJ-,,,
2019/10/09 19:37:00,4058,CO-2-16330-M1-09_Common-UJ-,,,
2019/10/09 19:38:00,4059,CO-2-16330-M1-09_Common-UJ-,,,
2019/10/09 19:39:00,4060,CO-2-16330-M1-09_Common-UJ-,,,
2019/10/09 19:40:00,4061,CO-2-16330-M1-09_Common-UJ-,,,
2019/10/09 19:41:00,4062,CO-2-16330-M1-09_Common-UJ-,,,
2019/10/09 19:42:00,4063,CO-2-16330-M1-09_Common-UJ-,,,
2019/10/09 19:43:00,4064,CO-2-16330-M1-09_Common-UJ-,,,
2019/10/09 19:44:00,4065,CO-2-16330-M1-09_Common-UJ-,,,
2019/10/09 19:45:00,4066,CO-2-16330-M1-09_Common-UJ-,,,
2019/10/09 19:46:00,4067,CO-2-16330-M1-09_Common-UJ-,,,
2019/10/09 19:47:00,4068,CO-2-16330-M1-09_Common-UJ-,,,
2019/10/09 19:48:00,4069,CO-2-16330-M1-09_Common-UJ-,,,
2019/10/09 19:49:00,4070,CO-2-16330-M1-09_Common-UJ-,,,
2019/10/09 19:50:00,4071,CO-2-16330-M1-09_Common-UJ-,,,
2019/10/09 19:51:00,4072,CO-2-16330-M1-09_Common-UJ-,,,
2019/10/09 19:52:00,4073,CO-2-16330-M1-09_Common-UJ-,,,
2019/10/09 19:53:00,4074,CO-2-16330-M1-09_Common-UJ-,,,
2019/10/09 19:54:00,4075,CO-2-16330-M1-09_Common-UJ-,,,
2019/10/09 19:55:00,4076,CO-2-16330-M1-09_Common-UJ-,,,
2019/10/09 19:56:00,4077,CO-2-16330-M1-09_Common-UJ-,,,
2019/10/09 19:57:00,4078,CO-2-16330-M1-09_Common-UJ-,,,
2019/10/09 19:58:00,4079,CO-2-16330-M1-09_Common-UJ-,,,
2019/10/09 19:59:00,4080,CO-2-16330-M1-09_Common-UJ-,,,
2019/10/09 20:00:00,4081,CO-2-16330-M1-09_Common-UJ-,,,
2019/10/09 20:01:00,4082,CO-2-16330-M1-09_Common-UJ-,,,
2019/10/09 20:02:00,4083,CO-2-16330-M1-09_Common-UJ-,,,
2019/10/09 20:03:00,4084,CO-2-16330-M1-09_Common-UJ-,,,
2019/10/09 20:04:00,4085,CO-2-16330-M1-09_Common-UJ-,,,
2019/10/09 20:05:00,4086,CO-2-16330-M1-09_Common-UJ-,,,
2019/10/09 20:06:00,4087,CO-2-16330-M1-09_Common-UJ-,,,
2019/10/09 20:07:00,4088,CO-2-16330-M1-09_Common-UJ-,,,
2019/10/09 20:08:00,4089,CO-2-16330-M1-09_Common-UJ-,,,
2019/10/09 20:09:00,4090,CO-2-16330-M1-09_Common-UJ-,,,
2019/10/09 20:10:00,4091,CO-2-16330-M1-09_Common-UJ-,,,
2019/10/09 20:11:00,4092,CO-2-16330-M1-09_Common-UJ-,,,
2019/10/09 20:12:00,4093,CO-2-16330-M1-09_Common-UJ-,,,
2019/10/09 20:13:00,4094,CO-2-16330-M1-09_Common-UJ-,,,
2019/10/09 20:14:00,4095,CO-2-16330-M1-09_Common-UJ-,,,
2019/10/09 20:15:00,4096,CO-2-16330-M1-09_Common-UJ-,,,
2019/10/09 20:16:00,4097,CO-2-16330-M1-09_Common-UJ-,,,
2019/10/09 20:17:00,4098,CO-2-16330-M1-09_Common-UJ-,,,
2019/10/09 20:18:00,4099,CO-2-16330-M1-09_Common-UJ-,,,
2019/10/09 20:19:00,4100,CO-2-16330-M1-09_Common-UJ-,,,
2019/10/09 20:20:00,4101,CO-2-16330-M1-09_Common-UJ-,,,
2019/10/09 20:21:00,4102,CO-2-16330-M1-09_Common-UJ-,,,
2019/10/09 20:22:00,4103,CO-2-16330-M1-09_Common-UJ-,,,
2019/10/09 20:23:00,4104,CO-2-16330-M1-09_Common-UJ-,,,
2019/10/09 20:24:00,4105,CO-2-16330-M1-09_Common-UJ-,,,
2019/10/09 20:25:00,4106,CO-2-16330-M1-09_Common-UJ-,,,
2019/10/09 20:26:00,4107,CO-2-16330-M1-09_Common-UJ-,,,
2019/10/09 20:27:00,4108,CO-2-16330-M1-09_Common-UJ-,,,
2019/10/09 20:28:00,4109,CO-2-16330-M1-09_Common-UJ-,,,
2019/10/09 20:29:00,4110,CO-2-16330-M1-09_Common-UJ-,,,
2019/10/09 20:30:00,4111,CO-2-16330-M1-09_Common-UJ-,,,
2019/10/09 20:31:00,4112,CO-2-16330-M1-09_Common-UJ-,,,
2019/10/09 20:32:00,4113,CO-2-16330-M1-09_Common-UJ-,,,
2019/10/09 20:33:00,4114,CO-2-16330-M1-09_Common-UJ-,,,
2019/10/09 20:34:00,4115,CO-2-16330-M1-09_Common-UJ-,,,
2019/10/09 20:35:00,4116,CO-2-16330-M1-09_Common-UJ-,,,
2019/10/09 20:36:00,4117,CO-2-16330-M1-09_Common-UJ-,,,
2019/10/09 20:37:00,4118,CO-2-16330-M1-09_Common-UJ-,,,
2019/10/09 20:38:00,4119,CO-2-16330-M1-09_Common-UJ-,,,
2019/10/09 20:39:00,4120,CO-2-16330-M1-09_Common-UJ-,,,
2019/10/09 20:40:00,4121,CO-2-16330-M1-09_Common-UJ-,,,
2019/10/09 20:41:00,4122,CO-2-16330-M1-09_Common-UJ-,,,
2019/10/09 20:42:00,4123,CO-2-16330-M1-09_Common-UJ-,,,
2019/10/09 20:43:00,4124,CO-2-16330-M1-09_Common-UJ-,,,
2019/10/09 20:44:00,4125,CO-2-16330-M1-09_Common-UJ-,,,
2019/10/09 20:45:00,4126,CO-2-16330-M1-09_Common-UJ-,,,
2019/10/09 20:46:00,4127,CO-2-16330-M1-09_Common-UJ-,,,
2019/10/09 20:47:00,4128,CO-2-16330-M1-09_Common-UJ-,,,
2019/10/09 20:48:00,4129,CO-2-16330-M1-09_Common-UJ-,,,
2019/10/09 20:49:00,4130,CO-2-16330-M1-09_Common-UJ-,,,
2019/10/09 20:50:00,4131,CO-2-16330-M1-09_Common-UJ-,,,
2019/10/09 20:51:00,4132,CO-2-16330-M1-09_Common-UJ-,,,
2019/10/09 20:52:00,4133,CO-2-16330-M1-09_Common-UJ-,,,
2019/10/09 20:53:00,4134,CO-2-16330-M1-09_Common-UJ-,,,
2019/10/09 20:54:00,4135,CO-2-16330-M1-09_Common-UJ-,,,
2019/10/09 20:55:00,4136,CO-2-16330-M1-09_Common-UJ-,,,
2019/10/09 20:56:00,4137,CO-2-16330-M1-09_Common-UJ-,,,
2019/10/09 20:57:00,4138,CO-2-16330-M1-09_Common-UJ-,,,
2019/10/09 20:58:00,4139,CO-2-16330-M1-09_Common-UJ-,,,
2019/10/09 20:59:00,4140,CO-2-16330-M1-09_Common-UJ-,,,
2019/10/09 21:00:00,4141,CO-2-16330-M1-09_Common-UJ-,,,
2019/10/09 21:01:00,4142,CO-2-16330-M1-09_Common-UJ-,,,
2019/10/09 21:02:00,4143,CO-2-16330-M1-09_Common-UJ-,,,
2019/10/09 21:03:00,4144,CO-2-16330-M1-09_Common-UJ-,,,
2019/10/09 21:04:00,4145,CO-2-16330-M1-09_Common-UJ-,,,
2019/10/09 21:05:00,4146,CO-2-16330-M1-09_Common-UJ-,,,
2019/10/09 21:06:00,4147,CO-2-16330-M1-09_Common-UJ-,,,
2019/10/09 21:07:00,4148,CO-2-16330-M1-09_Common-UJ-,,,
2019/10/09 21:08:00,4149,CO-2-16330-M1-09_Common-UJ-,,,
2019/10/09 21:09:00,4150,CO-2-16330-M1-09_Common-UJ-,,,
2019/10/09 21:10:00,4151,CO-2-16330-M1-09_Common-UJ-,,,
2019/10/09 21:11:00,4152,CO-2-16330-M1-09_Common-UJ-,,,
2019/10/09 21:12:00,4153,CO-2-16330-M1-09_Common-UJ-,,,
2019/10/09 21:13:00,4154,CO-2-16330-M1-09_Common-UJ-,,,
2019/10/09 21:14:00,4155,CO-2-16330-M1-09_Common-UJ-,,,
2019/10/09 21:15:00,4156,CO-2-16330-M1-09_Common-UJ-,,,
2019/10/09 21:16:00,4157,CO-2-16330-M1-09_Common-UJ-,,,
2019/10/09 21:17:00,4158,CO-2-16330-M1-09_Common-UJ-,,,
2019/10/09 21:18:00,4159,CO-2-16330-M1-09_Common-UJ-,,,
2019/10/09 21:19:00,4160,CO-2-16330-M1-09_Common-UJ-,,,
2019/10/09 21:20:00,4161,CO-2-16330-M1-09_Common-UJ-,,,
2019/10/09 21:21:00,4162,CO-2-16330-M1-09_Common-UJ-,,,
2019/10/09 21:22:00,4163,CO-2-16330-M1-09_Common-UJ-,,,
2019/10/09 21:23:00,4164,CO-2-16330-M1-09_Common-UJ-,,,
2019/10/09 21:24:00,4165,CO-2-16330-M1-09_Common-UJ-,,,
2019/10/09 21:25:00,4166,CO-2-16330-M1-09_Common-UJ-,,,
2019/10/09 21:26:00,4167,CO-2-16330-M1-09_Common-UJ-,,,
2019/10/09 21:27:00,4168,CO-2-16330-M1-09_Common-UJ-,,,
2019/10/09 21:28:00,4169,CO-2-16330-M1-09_Common-UJ-,,,
2019/10/09 21:29:00,4170,CO-2-16330-M1-09_Common-UJ-,,,
2019/10/09 21:30:00,4171,CO-2-16330-M1-09_Common-UJ-,,,
2019/10/09 21:31:00,4172,CO-2-16330-M1-09_Common-UJ-,,,
2019/10/09 21:32:00,4173,CO-2-16330-M1-09_Common-UJ-,,,
2019/10/09 21:33:00,4174,CO-2-16330-M1-09_Common-UJ-,,,
2019/10/09 21:34:00,4175,CO-2-16330-M1-09_Common-UJ-,,,
2019/10/09 21:35:00,4176,CO-2-16330-M1-09_Common-UJ-,,,
2019/10/09 21:36:00,4177,CO-2-16330-M1-09_Common-UJ-,,,
2019/10/09 21:37:00,4178,CO-2-16330-M1-09_Common-UJ-,,,
2019/10/09 21:38:00,4179,CO-2-16330-M1-09_Common-UJ-,,,
2019/10/09 21:39:00,4180,CO-2-16330-M1-09_Common-UJ-,,,
2019/10/09 21:40:00,4181,CO-2-16330-M1-09_Common-UJ-,,,
2019/10/09 21:41:00,4182,CO-2-16330-M1-09_Common-UJ-,,,
2019/10/09 21:42:00,4183,CO-2-16330-M1-09_Common-UJ-,,,
2019/10/09 21:43:00,4184,CO-2-16330-M1-09_Common-UJ-,,,
2019/10/09 21:44:00,4185,CO-2-16330-M1-09_Common-UJ-,,,
2019/10/09 21:45:00,4186,CO-2-16330-M1-09_Common-UJ-,,,
2019/10/09 21:46:00,4187,CO-2-16330-M1-09_Common-UJ-,,,
2019/10/09 21:47:00,4188,CO-2-16330-M1-09_Common-UJ-,,,
2019/10/09 21:48:00,4189,CO-2-16330-M1-09_Common-UJ-,,,
2019/10/09 21:49:00,4190,CO-2-16330-M1-09_Common-UJ-,,,
2019/10/09 21:50:00,4191,CO-2-16330-M1-09_Common-UJ-,,,
2019/10/09 21:51:00,4192,CO-2-16330-M1-09_Common-UJ-,,,
2019/10/09 21:52:00,4193,CO-2-16330-M1-09_Common-UJ-,,,
2019/10/09 21:53:00,4194,CO-2-16330-M1-09_Common-UJ-,,,
2019/10/09 21:54:00,4195,CO-2-16330-M1-09_Common-UJ-,,,
2019/10/09 21:55:00,4196,CO-2-16330-M1-09_Common-UJ-,,,
2019/10/09 21:56:00,4197,CO-2-16330-M1-09_Common-UJ-,,,
2019/10/09 21:57:00,4198,CO-2-16330-M1-09_Common-UJ-,,,
2019/10/09 21:58:00,4199,CO-2-16330-M1-09_Common-UJ-,,,
2019/10/09 21:59:00,4200,CO-2-16330-M1-09_Common-UJ-,,,
2019/10/09 22:00:00,4201,CO-2-16330-M1-09_Common-UJ-,,,
2019/10/09 22:01:00,4202,CO-2-16330-M1-09_Common-UJ-,,,
2019/10/09 22:02:00,4203,CO-2-16330-M1-09_Common-UJ-,,,
2019/10/09 22:03:00,4204,CO-2-16330-M1-09_Common-UJ-,,,
2019/10/09 22:04:00,4205,CO-2-16330-M1-09_Common-UJ-,,,
2019/10/09 22:05:00,4206,CO-2-16330-M1-09_Common-UJ-,,,
2019/10/09 22:06:00,4207,CO-2-16330-M1-09_Common-UJ-,,,
2019/10/09 22:07:00,4208,CO-2-16330-M1-09_Common-UJ-,,,
2019/10/09 22:08:00,4209,CO-2-16330-M1-09_Common-UJ-,,,
2019/10/09 22:09:00,4210,CO-2-16330-M1-09_Common-UJ-,,,
2019/10/09 22:10:00,4211,CO-2-16330-M1-09_Common-UJ-,,,
2019/10/09 22:11:00,4212,CO-2-16330-M1-09_Common-UJ-,,,
2019/10/09 22:12:00,4213,CO-2-16330-M1-09_Common-UJ-,,,
2019/10/09 22:13:00,4214,CO-2-16330-M1-09_Common-UJ-,,,
2019/10/09 22:14:00,4215,CO-2-16330-M1-09_Common-UJ-,,,
2019/10/09 22:15:00,4216,CO-2-16330-M1-09_Common-UJ-,,,
2019/10/09 22:16:00,4217,CO-2-16330-M1-09_Common-UJ-,,,
2019/10/09 22:17:00,4218,CO-2-16330-M1-09_Common-UJ-,,,
2019/10/09 22:18:00,4219,CO-2-16330-M1-09_Common-UJ-,,,
2019/10/09 22:19:00,4220,CO-2-16330-M1-09_Common-UJ-,,,
2019/10/09 22:20:00,4221,CO-2-16330-M1-09_Common-UJ-,,,
2019/10/09 22:21:00,4222,CO-2-16330-M1-09_Common-UJ-,,,
2019/10/09 22:22:00,4223,CO-2-16330-M1-09_Common-UJ-,,,
2019/10/09 22:23:00,4224,CO-2-16330-M1-09_Common-UJ-,,,
2019/10/09 22:24:00,4225,CO-2-16330-M1-09_Common-UJ-,,,
2019/10/09 22:25:00,4226,CO-2-16330-M1-09_Common-UJ-,,,
2019/10/09 22:26:00,4227,CO-2-16330-M1-09_Common-UJ-,,,
2019/10/09 22:27:00,4228,CO-2-16330-M1-09_Common-UJ-,,,
2019/10/09 22:28:00,4229,CO-2-16330-M1-09_Common-UJ-,,,
2019/10/09 22:29:00,4230,CO-2-16330-M1-09_Common-UJ-,,,
2019/10/09 22:30:00,4231,CO-2-16330-M1-09_Common-UJ-,,,
2019/10/09 22:31:00,4232,CO-2-16330-M1-09_Common-UJ-,,,
2019/10/09 22:32:00,4233,CO-2-16330-M1-09_Common-UJ-,,,
2019/10/09 22:33:00,4234,CO-2-16330-M1-09_Common-UJ-,,,
2019/10/09 22:34:00,4235,CO-2-16330-M1-09_Common-UJ-,,,
2019/10/09 22:35:00,4236,CO-2-16330-M1-09_Common-UJ-,,,
2019/10/09 22:36:00,4237,CO-2-16330-M1-09_Common-UJ-,,,
2019/10/09 22:37:00,4238,CO-2-16330-M1-09_Common-UJ-,,,
2019/10/09 22:38:00,4239,CO-2-16330-M1-09_Common-UJ-,,,
2019/10/09 22:39:00,4240,CO-2-16330-M1-09_Common-UJ-,,,
2019/10/09 22:40:00,4241,CO-2-16330-M1-09_Common-UJ-,,,
2019/10/09 22:41:00,4242,CO-2-16330-M1-09_Common-UJ-,,,
2019/10/09 22:42:00,4243,CO-2-16330-M1-09_Common-UJ-,,,
2019/10/09 22:43:00,4244,CO-2-16330-M1-09_Common-UJ-,,,
2019/10/09 22:44:00,4245,CO-2-16330-M1-09_Common-UJ-,,,
2019/10/09 22:45:00,4246,CO-2-16330-M1-09_Common-UJ-,,,
2019/10/09 22:46:00,4247,CO-2-16330-M1-09_Common-UJ-,,,
2019/10/09 22:47:00,4248,CO-2-16330-M1-09_Common-UJ-,,,
2019/10/09 22:48:00,4249,CO-2-16330-M1-09_Common-UJ-,,,
2019/10/09 22:49:00,4250,CO-2-16330-M1-09_Common-UJ-,,,
2019/10/09 22:50:00,4251,CO-2-16330-M1-09_Common-UJ-,,,
2019/10/09 22:51:00,4252,CO-2-16330-M1-09_Common-UJ-,,,
2019/10/09 22:52:00,4253,CO-2-16330-M1-09_Common-UJ-,,,
2019/10/09 22:53:00,4254,CO-2-16330-M1-09_Common-UJ-,,,
2019/10/09 22:54:00,4255,CO-2-16330-M1-09_Common-UJ-,,,
2019/10/09 22:55:00,4256,CO-2-16330-M1-09_Common-UJ-,,,
2019/10/09 22:56:00,4257,CO-2-16330-M1-09_Common-UJ-,,,
2019/10/09 22:57:00,4258,CO-2-16330-M1-09_Common-UJ-,,,
2019/10/09 22:58:00,4259,CO-2-16330-M1-09_Common-UJ-,,,
2019/10/09 22:59:00,4260,CO-2-16330-M1-09_Common-UJ-,,,
2019/10/09 23:00:00,4261,CO-2-16330-M1-09_Common-UJ-,,,
2019/10/09 23:01:00,4262,CO-2-16330-M1-09_Common-UJ-,,,
2019/10/09 23:02:00,4263,CO-2-16330-M1-09_Common-UJ-,,,
2019/10/09 23:03:00,4264,CO-2-16330-M1-09_Common-UJ-,,,
2019/10/09 23:04:00,4265,CO-2-16330-M1-09_Common-UJ-,,,
2019/10/09 23:05:00,4266,CO-2-16330-M1-09_Common-UJ-,,,
2019/10/09 23:06:00,4267,CO-2-16330-M1-09_Common-UJ-,,,
2019/10/09 23:07:00,4268,CO-2-16330-M1-09_Common-UJ-,,,
2019/10/09 23:08:00,4269,CO-2-16330-M1-09_Common-UJ-,,,
2019/10/09 23:09:00,4270,CO-2-16330-M1-09_Common-UJ-,,,
2019/10/09 23:10:00,4271,CO-2-16330-M1-09_Common-UJ-,,,
2019/10/09 23:11:00,4272,CO-2-16330-M1-09_Common-UJ-,,,
2019/10/09 23:12:00,4273,CO-2-16330-M1-09_Common-UJ-,,,
2019/10/09 23:13:00,4274,CO-2-16330-M1-09_Common-UJ-,,,
2019/10/09 23:14:00,4275,CO-2-16330-M1-09_Common-UJ-,,,
2019/10/09 23:15:00,4276,CO-2-16330-M1-09_Common-UJ-,,,
2019/10/09 23:16:00,4277,CO-2-16330-M1-09_Common-UJ-,,,
2019/10/09 23:17:00,4278,CO-2-16330-M1-09_Common-UJ-,,,
2019/10/09 23:18:00,4279,CO-2-16330-M1-09_Common-UJ-,,,
2019/10/09 23:19:00,4280,CO-2-16330-M1-09_Common-UJ-,,,
2019/10/09 23:20:00,4281,CO-2-16330-M1-09_Common-UJ-,,,
2019/10/09 23:21:00,4282,CO-2-16330-M1-09_Common-UJ-,,,
2019/10/09 23:22:00,4283,CO-2-16330-M1-09_Common-UJ-,,,
2019/10/09 23:23:00,4284,CO-2-16330-M1-09_Common-UJ-,,,
2019/10/09 23:24:00,4285,CO-2-16330-M1-09_Common-UJ-,,,
2019/10/09 23:25:00,4286,CO-2-16330-M1-09_Common-UJ-,,,
2019/10/09 23:26:00,4287,CO-2-16330-M1-09_Common-UJ-,,,
2019/10/09 23:27:00,4288,CO-2-16330-M1-09_Common-UJ-,,,
2019/10/09 23:28:00,4289,CO-2-16330-M1-09_Common-UJ-,,,
2019/10/09 23:29:00,4290,CO-2-16330-M1-09_Common-UJ-,,,
2019/10/09 23:30:00,4291,CO-2-16330-M1-09_Common-UJ-,,,
2019/10/09 23:31:00,4292,CO-2-16330-M1-09_Common-UJ-,,,
2019/10/09 23:32:00,4293,CO-2-16330-M1-09_Common-UJ-,,,
2019/10/09 23:33:00,4294,CO-2-16330-M1-09_Common-UJ-,,,
2019/10/09 23:34:00,4295,CO-2-16330-M1-09_Common-UJ-,,,
2019/10/09 23:35:00,4296,CO-2-16330-M1-09_Common-UJ-,,,
2019/10/09 23:36:00,4297,CO-2-16330-M1-09_Common-UJ-,,,
2019/10/09 23:37:00,4298,CO-2-16330-M1-09_Common-UJ-,,,
2019/10/09 23:38:00,4299,CO-2-16330-M1-09_Common-UJ-,,,
2019/10/09 23:39:00,4300,CO-2-16330-M1-09_Common-UJ-,,,
2019/10/09 23:40:00,4301,CO-2-16330-M1-09_Common-UJ-,,,
2019/10/09 23:41:00,4302,CO-2-16330-M1-09_Common-UJ-,,,
2019/10/09 23:42:00,4303,CO-2-16330-M1-09_Common-UJ-,,,
2019/10/09 23:43:00,4304,CO-2-16330-M1-09_Common-UJ-,,,
2019/10/09 23:44:00,4305,CO-2-16330-M1-09_Common-UJ-,,,
2019/10/09 23:45:00,4306,CO-2-16330-M1-09_Common-UJ-,,,
2019/10/09 23:46:00,4307,CO-2-16330-M1-09_Common-UJ-,,,
2019/10/09 23:47:00,4308,CO-2-16330-M1-09_Common-UJ-,,,
2019/10/09 23:48:00,4309,CO-2-16330-M1-09_Common-UJ-,,,
2019/10/09 23:49:00,4310,CO-2-16330-M1-09_Common-UJ-,,,
2019/10/09 23:50:00,4311,CO-2-16330-M1-09_Common-UJ-,,,
2019/10/09 23:51:00,4312,CO-2-16330-M1-09_Common-UJ-,,,
2019/10/09 23:52:00,4313,CO-2-16330-M1-09_Common-UJ-,,,
2019/10/09 23:53:00,4314,CO-2-16330-M1-09_Common-UJ-,,,
2019/10/09 23:54:00,4315,CO-2-16330-M1-09_Common-UJ-,,,
2019/10/09 23:55:00,4316,CO-2-16330-M1-09_Common-UJ-,,,
2019/10/09 23:56:00,4317,CO-2-16330-M1-09_Common-UJ-,,,
2019/10/09 23:57:00,4318,CO-2-16330-M1-09_Common-UJ-,,,
2019/10/09 23:58:00,4319,CO-2-16330-M1-09_Common-UJ-,,,
2019/10/09 23:59:00,4320,CO-2-16330-M1-09_Common-UJ-,,,
