Time,Code,Name
2019/10/09,3,Signal
2019/10/09 0:01:00,3,Signal
2019/10/09 0:02:00,3,Signal
2019/10/09 0:03:00,3,Signal
2019/10/09 0:04:00,3,Signal
2019/10/09 0:05:00,3,Signal
2019/10/09 0:06:00,0,Signal
2019/10/09 0:07:00,0,Signal
2019/10/09 0:08:00,0,Signal
2019/10/09 0:09:00,0,Signal
2019/10/09 0:10:00,3,Signal
2019/10/09 0:11:00,3,Signal
2019/10/09 0:12:00,3,Signal
2019/10/09 0:13:00,3,Signal
2019/10/09 0:14:00,3,Signal
2019/10/09 0:15:00,3,Signal
2019/10/09 0:16:00,3,Signal
2019/10/09 0:17:00,3,Signal
2019/10/09 0:18:00,3,Signal
2019/10/09 0:19:00,3,Signal
2019/10/09 0:20:00,3,Signal
2019/10/09 0:21:00,3,Signal
2019/10/09 0:22:00,3,Signal
2019/10/09 0:23:00,3,Signal
2019/10/09 0:24:00,3,Signal
2019/10/09 0:25:00,3,Signal
2019/10/09 0:26:00,0,Signal
2019/10/09 0:27:00,0,Signal
2019/10/09 0:28:00,0,Signal
2019/10/09 0:29:00,0,Signal
2019/10/09 0:30:00,3,Signal
2019/10/09 0:31:00,0,Signal
2019/10/09 0:32:00,0,Signal
2019/10/09 0:33:00,0,Signal
2019/10/09 0:34:00,0,Signal
2019/10/09 0:35:00,3,Signal
2019/10/09 0:36:00,3,Signal
2019/10/09 0:37:00,3,Signal
2019/10/09 0:38:00,3,Signal
2019/10/09 0:39:00,0,Signal
2019/10/09 0:40:00,3,Signal
2019/10/09 0:41:00,3,Signal
2019/10/09 0:42:00,3,Signal
2019/10/09 0:43:00,3,Signal
2019/10/09 0:44:00,3,Signal
2019/10/09 0:45:00,3,Signal
2019/10/09 0:46:00,3,Signal
2019/10/09 0:47:00,0,Signal
2019/10/09 0:48:00,0,Signal
2019/10/09 0:49:00,0,Signal
2019/10/09 0:50:00,3,Signal
2019/10/09 0:51:00,3,Signal
2019/10/09 0:52:00,3,Signal
2019/10/09 0:53:00,3,Signal
2019/10/09 0:54:00,3,Signal
2019/10/09 0:55:00,3,Signal
2019/10/09 0:56:00,3,Signal
2019/10/09 0:57:00,3,Signal
2019/10/09 0:58:00,3,Signal
2019/10/09 0:59:00,3,Signal
2019/10/09 1:00:00,3,Signal
2019/10/09 1:01:00,0,Signal
2019/10/09 1:02:00,0,Signal
2019/10/09 1:03:00,0,Signal
2019/10/09 1:04:00,0,Signal
2019/10/09 1:05:00,3,Signal
2019/10/09 1:06:00,3,Signal
2019/10/09 1:07:00,3,Signal
2019/10/09 1:08:00,3,Signal
2019/10/09 1:09:00,3,Signal
2019/10/09 1:10:00,3,Signal
2019/10/09 1:11:00,3,Signal
2019/10/09 1:12:00,3,Signal
2019/10/09 1:13:00,0,Signal
2019/10/09 1:14:00,0,Signal
2019/10/09 1:15:00,3,Signal
2019/10/09 1:16:00,3,Signal
2019/10/09 1:17:00,3,Signal
2019/10/09 1:18:00,3,Signal
2019/10/09 1:19:00,0,Signal
2019/10/09 1:20:00,3,Signal
2019/10/09 1:21:00,3,Signal
2019/10/09 1:22:00,3,Signal
2019/10/09 1:23:00,3,Signal
2019/10/09 1:24:00,3,Signal
2019/10/09 1:25:00,3,Signal
2019/10/09 1:26:00,3,Signal
2019/10/09 1:27:00,3,Signal
2019/10/09 1:28:00,3,Signal
2019/10/09 1:29:00,3,Signal
2019/10/09 1:30:00,3,Signal
2019/10/09 1:31:00,3,Signal
2019/10/09 1:32:00,3,Signal
2019/10/09 1:33:00,3,Signal
2019/10/09 1:34:00,3,Signal
2019/10/09 1:35:00,3,Signal
2019/10/09 1:36:00,3,Signal
2019/10/09 1:37:00,3,Signal
2019/10/09 1:38:00,3,Signal
2019/10/09 1:39:00,3,Signal
2019/10/09 1:40:00,3,Signal
2019/10/09 1:41:00,3,Signal
2019/10/09 1:42:00,3,Signal
2019/10/09 1:43:00,3,Signal
2019/10/09 1:44:00,3,Signal
2019/10/09 1:45:00,3,Signal
2019/10/09 1:46:00,3,Signal
2019/10/09 1:47:00,3,Signal
2019/10/09 1:48:00,3,Signal
2019/10/09 1:49:00,3,Signal
2019/10/09 1:50:00,3,Signal
2019/10/09 1:51:00,3,Signal
2019/10/09 1:52:00,3,Signal
2019/10/09 1:53:00,3,Signal
2019/10/09 1:54:00,3,Signal
2019/10/09 1:55:00,3,Signal
2019/10/09 1:56:00,3,Signal
2019/10/09 1:57:00,3,Signal
2019/10/09 1:58:00,0,Signal
2019/10/09 1:59:00,0,Signal
2019/10/09 2:00:00,3,Signal
2019/10/09 2:01:00,3,Signal
2019/10/09 2:02:00,3,Signal
2019/10/09 2:03:00,3,Signal
2019/10/09 2:04:00,3,Signal
2019/10/09 2:05:00,3,Signal
2019/10/09 2:06:00,3,Signal
2019/10/09 2:07:00,3,Signal
2019/10/09 2:08:00,3,Signal
2019/10/09 2:09:00,3,Signal
2019/10/09 2:10:00,3,Signal
2019/10/09 2:11:00,3,Signal
2019/10/09 2:12:00,3,Signal
2019/10/09 2:13:00,3,Signal
2019/10/09 2:14:00,3,Signal
2019/10/09 2:15:00,3,Signal
2019/10/09 2:16:00,3,Signal
2019/10/09 2:17:00,3,Signal
2019/10/09 2:18:00,3,Signal
2019/10/09 2:19:00,3,Signal
2019/10/09 2:20:00,3,Signal
2019/10/09 2:21:00,3,Signal
2019/10/09 2:22:00,3,Signal
2019/10/09 2:23:00,3,Signal
2019/10/09 2:24:00,3,Signal
2019/10/09 2:25:00,3,Signal
2019/10/09 2:26:00,3,Signal
2019/10/09 2:27:00,3,Signal
2019/10/09 2:28:00,3,Signal
2019/10/09 2:29:00,0,Signal
2019/10/09 2:30:00,3,Signal
2019/10/09 2:31:00,3,Signal
2019/10/09 2:32:00,3,Signal
2019/10/09 2:33:00,3,Signal
2019/10/09 2:34:00,3,Signal
2019/10/09 2:35:00,3,Signal
2019/10/09 2:36:00,3,Signal
2019/10/09 2:37:00,3,Signal
2019/10/09 2:38:00,3,Signal
2019/10/09 2:39:00,0,Signal
2019/10/09 2:40:00,3,Signal
2019/10/09 2:41:00,3,Signal
2019/10/09 2:42:00,3,Signal
2019/10/09 2:43:00,3,Signal
2019/10/09 2:44:00,3,Signal
2019/10/09 2:45:00,3,Signal
2019/10/09 2:46:00,3,Signal
2019/10/09 2:47:00,3,Signal
2019/10/09 2:48:00,3,Signal
2019/10/09 2:49:00,3,Signal
2019/10/09 2:50:00,3,Signal
2019/10/09 2:51:00,3,Signal
2019/10/09 2:52:00,3,Signal
2019/10/09 2:53:00,3,Signal
2019/10/09 2:54:00,3,Signal
2019/10/09 2:55:00,3,Signal
2019/10/09 2:56:00,0,Signal
2019/10/09 2:57:00,0,Signal
2019/10/09 2:58:00,0,Signal
2019/10/09 2:59:00,0,Signal
2019/10/09 3:00:00,3,Signal
2019/10/09 3:01:00,3,Signal
2019/10/09 3:02:00,3,Signal
2019/10/09 3:03:00,0,Signal
2019/10/09 3:04:00,0,Signal
2019/10/09 3:05:00,3,Signal
2019/10/09 3:06:00,3,Signal
2019/10/09 3:07:00,3,Signal
2019/10/09 3:08:00,3,Signal
2019/10/09 3:09:00,3,Signal
2019/10/09 3:10:00,3,Signal
2019/10/09 3:11:00,3,Signal
2019/10/09 3:12:00,3,Signal
2019/10/09 3:13:00,3,Signal
2019/10/09 3:14:00,3,Signal
2019/10/09 3:15:00,3,Signal
2019/10/09 3:16:00,3,Signal
2019/10/09 3:17:00,3,Signal
2019/10/09 3:18:00,0,Signal
2019/10/09 3:19:00,0,Signal
2019/10/09 3:20:00,3,Signal
2019/10/09 3:21:00,0,Signal
2019/10/09 3:22:00,0,Signal
2019/10/09 3:23:00,0,Signal
2019/10/09 3:24:00,0,Signal
2019/10/09 3:25:00,3,Signal
2019/10/09 3:26:00,3,Signal
2019/10/09 3:27:00,3,Signal
2019/10/09 3:28:00,3,Signal
2019/10/09 3:29:00,3,Signal
2019/10/09 3:30:00,3,Signal
2019/10/09 3:31:00,0,Signal
2019/10/09 3:32:00,0,Signal
2019/10/09 3:33:00,0,Signal
2019/10/09 3:34:00,0,Signal
2019/10/09 3:35:00,3,Signal
2019/10/09 3:36:00,3,Signal
2019/10/09 3:37:00,3,Signal
2019/10/09 3:38:00,3,Signal
2019/10/09 3:39:00,3,Signal
2019/10/09 3:40:00,3,Signal
2019/10/09 3:41:00,3,Signal
2019/10/09 3:42:00,3,Signal
2019/10/09 3:43:00,3,Signal
2019/10/09 3:44:00,0,Signal
2019/10/09 3:45:00,3,Signal
2019/10/09 3:46:00,3,Signal
2019/10/09 3:47:00,3,Signal
2019/10/09 3:48:00,3,Signal
2019/10/09 3:49:00,3,Signal
2019/10/09 3:50:00,3,Signal
2019/10/09 3:51:00,3,Signal
2019/10/09 3:52:00,3,Signal
2019/10/09 3:53:00,0,Signal
2019/10/09 3:54:00,0,Signal
2019/10/09 3:55:00,3,Signal
2019/10/09 3:56:00,0,Signal
2019/10/09 3:57:00,0,Signal
2019/10/09 3:58:00,0,Signal
2019/10/09 3:59:00,0,Signal
2019/10/09 4:00:00,3,Signal
2019/10/09 4:01:00,0,Signal
2019/10/09 4:02:00,0,Signal
2019/10/09 4:03:00,0,Signal
2019/10/09 4:04:00,0,Signal
2019/10/09 4:05:00,3,Signal
2019/10/09 4:06:00,3,Signal
2019/10/09 4:07:00,3,Signal
2019/10/09 4:08:00,3,Signal
2019/10/09 4:09:00,3,Signal
2019/10/09 4:10:00,3,Signal
2019/10/09 4:11:00,3,Signal
2019/10/09 4:12:00,3,Signal
2019/10/09 4:13:00,3,Signal
2019/10/09 4:14:00,3,Signal
2019/10/09 4:15:00,3,Signal
2019/10/09 4:16:00,3,Signal
2019/10/09 4:17:00,0,Signal
2019/10/09 4:18:00,0,Signal
2019/10/09 4:19:00,0,Signal
2019/10/09 4:20:00,3,Signal
2019/10/09 4:21:00,3,Signal
2019/10/09 4:22:00,3,Signal
2019/10/09 4:23:00,3,Signal
2019/10/09 4:24:00,3,Signal
2019/10/09 4:25:00,3,Signal
2019/10/09 4:26:00,3,Signal
2019/10/09 4:27:00,3,Signal
2019/10/09 4:28:00,3,Signal
2019/10/09 4:29:00,3,Signal
2019/10/09 4:30:00,3,Signal
2019/10/09 4:31:00,0,Signal
2019/10/09 4:32:00,0,Signal
2019/10/09 4:33:00,0,Signal
2019/10/09 4:34:00,0,Signal
2019/10/09 4:35:00,3,Signal
2019/10/09 4:36:00,3,Signal
2019/10/09 4:37:00,3,Signal
2019/10/09 4:38:00,3,Signal
2019/10/09 4:39:00,3,Signal
2019/10/09 4:40:00,3,Signal
2019/10/09 4:41:00,0,Signal
2019/10/09 4:42:00,0,Signal
2019/10/09 4:43:00,0,Signal
2019/10/09 4:44:00,0,Signal
2019/10/09 4:45:00,3,Signal
2019/10/09 4:46:00,3,Signal
2019/10/09 4:47:00,3,Signal
2019/10/09 4:48:00,3,Signal
2019/10/09 4:49:00,3,Signal
2019/10/09 4:50:00,3,Signal
2019/10/09 4:51:00,0,Signal
2019/10/09 4:52:00,0,Signal
2019/10/09 4:53:00,0,Signal
2019/10/09 4:54:00,0,Signal
2019/10/09 4:55:00,3,Signal
2019/10/09 4:56:00,0,Signal
2019/10/09 4:57:00,0,Signal
2019/10/09 4:58:00,0,Signal
2019/10/09 4:59:00,0,Signal
2019/10/09 5:00:00,3,Signal
2019/10/09 5:01:00,3,Signal
2019/10/09 5:02:00,3,Signal
2019/10/09 5:03:00,3,Signal
2019/10/09 5:04:00,3,Signal
2019/10/09 5:05:00,3,Signal
2019/10/09 5:06:00,0,Signal
2019/10/09 5:07:00,0,Signal
2019/10/09 5:08:00,0,Signal
2019/10/09 5:09:00,0,Signal
2019/10/09 5:10:00,3,Signal
2019/10/09 5:11:00,3,Signal
2019/10/09 5:12:00,3,Signal
2019/10/09 5:13:00,3,Signal
2019/10/09 5:14:00,3,Signal
2019/10/09 5:15:00,3,Signal
2019/10/09 5:16:00,3,Signal
2019/10/09 5:17:00,3,Signal
2019/10/09 5:18:00,3,Signal
2019/10/09 5:19:00,3,Signal
2019/10/09 5:20:00,3,Signal
2019/10/09 5:21:00,3,Signal
2019/10/09 5:22:00,3,Signal
2019/10/09 5:23:00,3,Signal
2019/10/09 5:24:00,3,Signal
2019/10/09 5:25:00,3,Signal
2019/10/09 5:26:00,3,Signal
2019/10/09 5:27:00,0,Signal
2019/10/09 5:28:00,0,Signal
2019/10/09 5:29:00,0,Signal
2019/10/09 5:30:00,3,Signal
2019/10/09 5:31:00,3,Signal
2019/10/09 5:32:00,3,Signal
2019/10/09 5:33:00,3,Signal
2019/10/09 5:34:00,3,Signal
2019/10/09 5:35:00,3,Signal
2019/10/09 5:36:00,3,Signal
2019/10/09 5:37:00,3,Signal
2019/10/09 5:38:00,3,Signal
2019/10/09 5:39:00,3,Signal
2019/10/09 5:40:00,3,Signal
2019/10/09 5:41:00,0,Signal
2019/10/09 5:42:00,0,Signal
2019/10/09 5:43:00,0,Signal
2019/10/09 5:44:00,0,Signal
2019/10/09 5:45:00,3,Signal
2019/10/09 5:46:00,3,Signal
2019/10/09 5:47:00,3,Signal
2019/10/09 5:48:00,3,Signal
2019/10/09 5:49:00,3,Signal
2019/10/09 5:50:00,3,Signal
2019/10/09 5:51:00,0,Signal
2019/10/09 5:52:00,0,Signal
2019/10/09 5:53:00,0,Signal
2019/10/09 5:54:00,0,Signal
2019/10/09 5:55:00,3,Signal
2019/10/09 5:56:00,3,Signal
2019/10/09 5:57:00,3,Signal
2019/10/09 5:58:00,3,Signal
2019/10/09 5:59:00,3,Signal
2019/10/09 6:00:00,3,Signal
2019/10/09 6:01:00,3,Signal
2019/10/09 6:02:00,3,Signal
2019/10/09 6:03:00,3,Signal
2019/10/09 6:04:00,3,Signal
2019/10/09 6:05:00,3,Signal
2019/10/09 6:06:00,3,Signal
2019/10/09 6:07:00,3,Signal
2019/10/09 6:08:00,3,Signal
2019/10/09 6:09:00,3,Signal
2019/10/09 6:10:00,3,Signal
2019/10/09 6:11:00,3,Signal
2019/10/09 6:12:00,3,Signal
2019/10/09 6:13:00,3,Signal
2019/10/09 6:14:00,3,Signal
2019/10/09 6:15:00,3,Signal
2019/10/09 6:16:00,0,Signal
2019/10/09 6:17:00,0,Signal
2019/10/09 6:18:00,0,Signal
2019/10/09 6:19:00,0,Signal
2019/10/09 6:20:00,3,Signal
2019/10/09 6:21:00,3,Signal
2019/10/09 6:22:00,3,Signal
2019/10/09 6:23:00,0,Signal
2019/10/09 6:24:00,0,Signal
2019/10/09 6:25:00,3,Signal
2019/10/09 6:26:00,3,Signal
2019/10/09 6:27:00,3,Signal
2019/10/09 6:28:00,0,Signal
2019/10/09 6:29:00,0,Signal
2019/10/09 6:30:00,3,Signal
2019/10/09 6:31:00,0,Signal
2019/10/09 6:32:00,0,Signal
2019/10/09 6:33:00,0,Signal
2019/10/09 6:34:00,0,Signal
2019/10/09 6:35:00,3,Signal
2019/10/09 6:36:00,0,Signal
2019/10/09 6:37:00,0,Signal
2019/10/09 6:38:00,0,Signal
2019/10/09 6:39:00,0,Signal
2019/10/09 6:40:00,3,Signal
2019/10/09 6:41:00,3,Signal
2019/10/09 6:42:00,3,Signal
2019/10/09 6:43:00,3,Signal
2019/10/09 6:44:00,3,Signal
2019/10/09 6:45:00,3,Signal
2019/10/09 6:46:00,0,Signal
2019/10/09 6:47:00,0,Signal
2019/10/09 6:48:00,0,Signal
2019/10/09 6:49:00,0,Signal
2019/10/09 6:50:00,3,Signal
2019/10/09 6:51:00,3,Signal
2019/10/09 6:52:00,3,Signal
2019/10/09 6:53:00,3,Signal
2019/10/09 6:54:00,0,Signal
2019/10/09 6:55:00,3,Signal
2019/10/09 6:56:00,0,Signal
2019/10/09 6:57:00,0,Signal
2019/10/09 6:58:00,0,Signal
2019/10/09 6:59:00,0,Signal
2019/10/09 7:00:00,3,Signal
2019/10/09 7:01:00,3,Signal
2019/10/09 7:02:00,3,Signal
2019/10/09 7:03:00,3,Signal
2019/10/09 7:04:00,3,Signal
2019/10/09 7:05:00,3,Signal
2019/10/09 7:06:00,0,Signal
2019/10/09 7:07:00,0,Signal
2019/10/09 7:08:00,0,Signal
2019/10/09 7:09:00,0,Signal
2019/10/09 7:10:00,3,Signal
2019/10/09 7:11:00,3,Signal
2019/10/09 7:12:00,3,Signal
2019/10/09 7:13:00,3,Signal
2019/10/09 7:14:00,3,Signal
2019/10/09 7:15:00,3,Signal
2019/10/09 7:16:00,3,Signal
2019/10/09 7:17:00,3,Signal
2019/10/09 7:18:00,0,Signal
2019/10/09 7:19:00,0,Signal
2019/10/09 7:20:00,3,Signal
2019/10/09 7:21:00,3,Signal
2019/10/09 7:22:00,3,Signal
2019/10/09 7:23:00,3,Signal
2019/10/09 7:24:00,3,Signal
2019/10/09 7:25:00,3,Signal
2019/10/09 7:26:00,3,Signal
2019/10/09 7:27:00,3,Signal
2019/10/09 7:28:00,3,Signal
2019/10/09 7:29:00,3,Signal
2019/10/09 7:30:00,3,Signal
2019/10/09 7:31:00,3,Signal
2019/10/09 7:32:00,3,Signal
2019/10/09 7:33:00,3,Signal
2019/10/09 7:34:00,3,Signal
2019/10/09 7:35:00,3,Signal
2019/10/09 7:36:00,3,Signal
2019/10/09 7:37:00,3,Signal
2019/10/09 7:38:00,3,Signal
2019/10/09 7:39:00,3,Signal
2019/10/09 7:40:00,3,Signal
2019/10/09 7:41:00,3,Signal
2019/10/09 7:42:00,3,Signal
2019/10/09 7:43:00,3,Signal
2019/10/09 7:44:00,3,Signal
2019/10/09 7:45:00,3,Signal
2019/10/09 7:46:00,3,Signal
2019/10/09 7:47:00,3,Signal
2019/10/09 7:48:00,3,Signal
2019/10/09 7:49:00,3,Signal
2019/10/09 7:50:00,3,Signal
2019/10/09 7:51:00,3,Signal
2019/10/09 7:52:00,3,Signal
2019/10/09 7:53:00,3,Signal
2019/10/09 7:54:00,3,Signal
2019/10/09 7:55:00,3,Signal
2019/10/09 7:56:00,0,Signal
2019/10/09 7:57:00,0,Signal
2019/10/09 7:58:00,0,Signal
2019/10/09 7:59:00,0,Signal
2019/10/09 8:00:00,3,Signal
2019/10/09 8:01:00,3,Signal
2019/10/09 8:02:00,0,Signal
2019/10/09 8:03:00,0,Signal
2019/10/09 8:04:00,0,Signal
2019/10/09 8:05:00,3,Signal
2019/10/09 8:06:00,3,Signal
2019/10/09 8:07:00,0,Signal
2019/10/09 8:08:00,0,Signal
2019/10/09 8:09:00,0,Signal
2019/10/09 8:10:00,3,Signal
2019/10/09 8:11:00,3,Signal
2019/10/09 8:12:00,3,Signal
2019/10/09 8:13:00,3,Signal
2019/10/09 8:14:00,3,Signal
2019/10/09 8:15:00,3,Signal
2019/10/09 8:16:00,3,Signal
2019/10/09 8:17:00,3,Signal
2019/10/09 8:18:00,3,Signal
2019/10/09 8:19:00,3,Signal
2019/10/09 8:20:00,3,Signal
2019/10/09 8:21:00,0,Signal
2019/10/09 8:22:00,0,Signal
2019/10/09 8:23:00,0,Signal
2019/10/09 8:24:00,0,Signal
2019/10/09 8:25:00,3,Signal
2019/10/09 8:26:00,3,Signal
2019/10/09 8:27:00,3,Signal
2019/10/09 8:28:00,3,Signal
2019/10/09 8:29:00,3,Signal
2019/10/09 8:30:00,3,Signal
2019/10/09 8:31:00,0,Signal
2019/10/09 8:32:00,0,Signal
2019/10/09 8:33:00,0,Signal
2019/10/09 8:34:00,0,Signal
2019/10/09 8:35:00,3,Signal
2019/10/09 8:36:00,0,Signal
2019/10/09 8:37:00,0,Signal
2019/10/09 8:38:00,0,Signal
2019/10/09 8:39:00,0,Signal
2019/10/09 8:40:00,3,Signal
2019/10/09 8:41:00,3,Signal
2019/10/09 8:42:00,3,Signal
2019/10/09 8:43:00,0,Signal
2019/10/09 8:44:00,0,Signal
2019/10/09 8:45:00,3,Signal
2019/10/09 8:46:00,3,Signal
2019/10/09 8:47:00,3,Signal
2019/10/09 8:48:00,3,Signal
2019/10/09 8:49:00,3,Signal
2019/10/09 8:50:00,3,Signal
2019/10/09 8:51:00,3,Signal
2019/10/09 8:52:00,3,Signal
2019/10/09 8:53:00,3,Signal
2019/10/09 8:54:00,0,Signal
2019/10/09 8:55:00,3,Signal
2019/10/09 8:56:00,3,Signal
2019/10/09 8:57:00,3,Signal
2019/10/09 8:58:00,0,Signal
2019/10/09 8:59:00,0,Signal
2019/10/09 9:00:00,3,Signal
2019/10/09 9:01:00,0,Signal
2019/10/09 9:02:00,0,Signal
2019/10/09 9:03:00,0,Signal
2019/10/09 9:04:00,0,Signal
2019/10/09 9:05:00,3,Signal
2019/10/09 9:06:00,0,Signal
2019/10/09 9:07:00,0,Signal
2019/10/09 9:08:00,0,Signal
2019/10/09 9:09:00,0,Signal
2019/10/09 9:10:00,3,Signal
2019/10/09 9:11:00,0,Signal
2019/10/09 9:12:00,0,Signal
2019/10/09 9:13:00,0,Signal
2019/10/09 9:14:00,0,Signal
2019/10/09 9:15:00,3,Signal
2019/10/09 9:16:00,3,Signal
2019/10/09 9:17:00,3,Signal
2019/10/09 9:18:00,3,Signal
2019/10/09 9:19:00,3,Signal
2019/10/09 9:20:00,3,Signal
2019/10/09 9:21:00,3,Signal
2019/10/09 9:22:00,3,Signal
2019/10/09 9:23:00,0,Signal
2019/10/09 9:24:00,0,Signal
2019/10/09 9:25:00,3,Signal
2019/10/09 9:26:00,0,Signal
2019/10/09 9:27:00,0,Signal
2019/10/09 9:28:00,0,Signal
2019/10/09 9:29:00,0,Signal
2019/10/09 9:30:00,3,Signal
2019/10/09 9:31:00,3,Signal
2019/10/09 9:32:00,3,Signal
2019/10/09 9:33:00,3,Signal
2019/10/09 9:34:00,3,Signal
2019/10/09 9:35:00,3,Signal
2019/10/09 9:36:00,3,Signal
2019/10/09 9:37:00,3,Signal
2019/10/09 9:38:00,3,Signal
2019/10/09 9:39:00,3,Signal
2019/10/09 9:40:00,3,Signal
2019/10/09 9:41:00,3,Signal
2019/10/09 9:42:00,3,Signal
2019/10/09 9:43:00,3,Signal
2019/10/09 9:44:00,3,Signal
2019/10/09 9:45:00,3,Signal
2019/10/09 9:46:00,3,Signal
2019/10/09 9:47:00,0,Signal
2019/10/09 9:48:00,0,Signal
2019/10/09 9:49:00,0,Signal
2019/10/09 9:50:00,3,Signal
2019/10/09 9:51:00,3,Signal
2019/10/09 9:52:00,0,Signal
2019/10/09 9:53:00,0,Signal
2019/10/09 9:54:00,0,Signal
2019/10/09 9:55:00,3,Signal
2019/10/09 9:56:00,0,Signal
2019/10/09 9:57:00,0,Signal
2019/10/09 9:58:00,0,Signal
2019/10/09 9:59:00,0,Signal
2019/10/09 10:00:00,3,Signal
2019/10/09 10:01:00,3,Signal
2019/10/09 10:02:00,3,Signal
2019/10/09 10:03:00,3,Signal
2019/10/09 10:04:00,3,Signal
2019/10/09 10:05:00,3,Signal
2019/10/09 10:06:00,3,Signal
2019/10/09 10:07:00,3,Signal
2019/10/09 10:08:00,3,Signal
2019/10/09 10:09:00,3,Signal
2019/10/09 10:10:00,3,Signal
2019/10/09 10:11:00,0,Signal
2019/10/09 10:12:00,0,Signal
2019/10/09 10:13:00,0,Signal
2019/10/09 10:14:00,0,Signal
2019/10/09 10:15:00,3,Signal
2019/10/09 10:16:00,3,Signal
2019/10/09 10:17:00,3,Signal
2019/10/09 10:18:00,3,Signal
2019/10/09 10:19:00,3,Signal
2019/10/09 10:20:00,3,Signal
2019/10/09 10:21:00,3,Signal
2019/10/09 10:22:00,3,Signal
2019/10/09 10:23:00,3,Signal
2019/10/09 10:24:00,3,Signal
2019/10/09 10:25:00,3,Signal
2019/10/09 10:26:00,3,Signal
2019/10/09 10:27:00,3,Signal
2019/10/09 10:28:00,3,Signal
2019/10/09 10:29:00,3,Signal
2019/10/09 10:30:00,3,Signal
2019/10/09 10:31:00,3,Signal
2019/10/09 10:32:00,3,Signal
2019/10/09 10:33:00,3,Signal
2019/10/09 10:34:00,0,Signal
2019/10/09 10:35:00,3,Signal
2019/10/09 10:36:00,0,Signal
2019/10/09 10:37:00,0,Signal
2019/10/09 10:38:00,0,Signal
2019/10/09 10:39:00,0,Signal
2019/10/09 10:40:00,3,Signal
2019/10/09 10:41:00,3,Signal
2019/10/09 10:42:00,3,Signal
2019/10/09 10:43:00,3,Signal
2019/10/09 10:44:00,3,Signal
2019/10/09 10:45:00,3,Signal
2019/10/09 10:46:00,0,Signal
2019/10/09 10:47:00,0,Signal
2019/10/09 10:48:00,0,Signal
2019/10/09 10:49:00,0,Signal
2019/10/09 10:50:00,3,Signal
2019/10/09 10:51:00,3,Signal
2019/10/09 10:52:00,3,Signal
2019/10/09 10:53:00,3,Signal
2019/10/09 10:54:00,3,Signal
2019/10/09 10:55:00,3,Signal
2019/10/09 10:56:00,3,Signal
2019/10/09 10:57:00,3,Signal
2019/10/09 10:58:00,3,Signal
2019/10/09 10:59:00,3,Signal
2019/10/09 11:00:00,3,Signal
2019/10/09 11:01:00,3,Signal
2019/10/09 11:02:00,3,Signal
2019/10/09 11:03:00,3,Signal
2019/10/09 11:04:00,3,Signal
2019/10/09 11:05:00,3,Signal
2019/10/09 11:06:00,3,Signal
2019/10/09 11:07:00,3,Signal
2019/10/09 11:08:00,3,Signal
2019/10/09 11:09:00,3,Signal
2019/10/09 11:10:00,3,Signal
2019/10/09 11:11:00,3,Signal
2019/10/09 11:12:00,0,Signal
2019/10/09 11:13:00,0,Signal
2019/10/09 11:14:00,0,Signal
2019/10/09 11:15:00,3,Signal
2019/10/09 11:16:00,3,Signal
2019/10/09 11:17:00,3,Signal
2019/10/09 11:18:00,3,Signal
2019/10/09 11:19:00,0,Signal
2019/10/09 11:20:00,3,Signal
2019/10/09 11:21:00,3,Signal
2019/10/09 11:22:00,0,Signal
2019/10/09 11:23:00,0,Signal
2019/10/09 11:24:00,0,Signal
2019/10/09 11:25:00,3,Signal
2019/10/09 11:26:00,3,Signal
2019/10/09 11:27:00,0,Signal
2019/10/09 11:28:00,0,Signal
2019/10/09 11:29:00,0,Signal
2019/10/09 11:30:00,3,Signal
2019/10/09 11:31:00,3,Signal
2019/10/09 11:32:00,3,Signal
2019/10/09 11:33:00,3,Signal
2019/10/09 11:34:00,3,Signal
2019/10/09 11:35:00,3,Signal
2019/10/09 11:36:00,3,Signal
2019/10/09 11:37:00,3,Signal
2019/10/09 11:38:00,3,Signal
2019/10/09 11:39:00,3,Signal
2019/10/09 11:40:00,3,Signal
2019/10/09 11:41:00,3,Signal
2019/10/09 11:42:00,3,Signal
2019/10/09 11:43:00,3,Signal
2019/10/09 11:44:00,3,Signal
2019/10/09 11:45:00,3,Signal
2019/10/09 11:46:00,0,Signal
2019/10/09 11:47:00,0,Signal
2019/10/09 11:48:00,0,Signal
2019/10/09 11:49:00,0,Signal
2019/10/09 11:50:00,3,Signal
2019/10/09 11:51:00,3,Signal
2019/10/09 11:52:00,3,Signal
2019/10/09 11:53:00,3,Signal
2019/10/09 11:54:00,3,Signal
2019/10/09 11:55:00,3,Signal
2019/10/09 11:56:00,0,Signal
2019/10/09 11:57:00,0,Signal
2019/10/09 11:58:00,0,Signal
2019/10/09 11:59:00,0,Signal
2019/10/09 12:00:00,3,Signal
2019/10/09 12:01:00,3,Signal
2019/10/09 12:02:00,3,Signal
2019/10/09 12:03:00,3,Signal
2019/10/09 12:04:00,3,Signal
2019/10/09 12:05:00,3,Signal
2019/10/09 12:06:00,0,Signal
2019/10/09 12:07:00,0,Signal
2019/10/09 12:08:00,0,Signal
2019/10/09 12:09:00,0,Signal
2019/10/09 12:10:00,3,Signal
2019/10/09 12:11:00,3,Signal
2019/10/09 12:12:00,0,Signal
2019/10/09 12:13:00,0,Signal
2019/10/09 12:14:00,0,Signal
2019/10/09 12:15:00,3,Signal
2019/10/09 12:16:00,3,Signal
2019/10/09 12:17:00,3,Signal
2019/10/09 12:18:00,3,Signal
2019/10/09 12:19:00,3,Signal
2019/10/09 12:20:00,3,Signal
2019/10/09 12:21:00,3,Signal
2019/10/09 12:22:00,3,Signal
2019/10/09 12:23:00,3,Signal
2019/10/09 12:24:00,3,Signal
2019/10/09 12:25:00,3,Signal
2019/10/09 12:26:00,3,Signal
2019/10/09 12:27:00,3,Signal
2019/10/09 12:28:00,3,Signal
2019/10/09 12:29:00,3,Signal
2019/10/09 12:30:00,3,Signal
2019/10/09 12:31:00,3,Signal
2019/10/09 12:32:00,3,Signal
2019/10/09 12:33:00,0,Signal
2019/10/09 12:34:00,0,Signal
2019/10/09 12:35:00,3,Signal
2019/10/09 12:36:00,3,Signal
2019/10/09 12:37:00,3,Signal
2019/10/09 12:38:00,3,Signal
2019/10/09 12:39:00,3,Signal
2019/10/09 12:40:00,3,Signal
2019/10/09 12:41:00,3,Signal
2019/10/09 12:42:00,3,Signal
2019/10/09 12:43:00,3,Signal
2019/10/09 12:44:00,3,Signal
2019/10/09 12:45:00,3,Signal
2019/10/09 12:46:00,0,Signal
2019/10/09 12:47:00,0,Signal
2019/10/09 12:48:00,0,Signal
2019/10/09 12:49:00,0,Signal
2019/10/09 12:50:00,3,Signal
2019/10/09 12:51:00,3,Signal
2019/10/09 12:52:00,3,Signal
2019/10/09 12:53:00,3,Signal
2019/10/09 12:54:00,3,Signal
2019/10/09 12:55:00,3,Signal
2019/10/09 12:56:00,0,Signal
2019/10/09 12:57:00,0,Signal
2019/10/09 12:58:00,0,Signal
2019/10/09 12:59:00,0,Signal
2019/10/09 13:00:00,3,Signal
2019/10/09 13:01:00,3,Signal
2019/10/09 13:02:00,3,Signal
2019/10/09 13:03:00,3,Signal
2019/10/09 13:04:00,3,Signal
2019/10/09 13:05:00,3,Signal
2019/10/09 13:06:00,3,Signal
2019/10/09 13:07:00,3,Signal
2019/10/09 13:08:00,3,Signal
2019/10/09 13:09:00,3,Signal
2019/10/09 13:10:00,3,Signal
2019/10/09 13:11:00,0,Signal
2019/10/09 13:12:00,0,Signal
2019/10/09 13:13:00,0,Signal
2019/10/09 13:14:00,0,Signal
2019/10/09 13:15:00,3,Signal
2019/10/09 13:16:00,3,Signal
2019/10/09 13:17:00,3,Signal
2019/10/09 13:18:00,0,Signal
2019/10/09 13:19:00,0,Signal
2019/10/09 13:20:00,3,Signal
2019/10/09 13:21:00,3,Signal
2019/10/09 13:22:00,0,Signal
2019/10/09 13:23:00,0,Signal
2019/10/09 13:24:00,0,Signal
2019/10/09 13:25:00,3,Signal
2019/10/09 13:26:00,3,Signal
2019/10/09 13:27:00,0,Signal
2019/10/09 13:28:00,0,Signal
2019/10/09 13:29:00,0,Signal
2019/10/09 13:30:00,3,Signal
2019/10/09 13:31:00,3,Signal
2019/10/09 13:32:00,3,Signal
2019/10/09 13:33:00,3,Signal
2019/10/09 13:34:00,3,Signal
2019/10/09 13:35:00,3,Signal
2019/10/09 13:36:00,3,Signal
2019/10/09 13:37:00,3,Signal
2019/10/09 13:38:00,3,Signal
2019/10/09 13:39:00,3,Signal
2019/10/09 13:40:00,3,Signal
2019/10/09 13:41:00,3,Signal
2019/10/09 13:42:00,3,Signal
2019/10/09 13:43:00,0,Signal
2019/10/09 13:44:00,0,Signal
2019/10/09 13:45:00,3,Signal
2019/10/09 13:46:00,0,Signal
2019/10/09 13:47:00,0,Signal
2019/10/09 13:48:00,0,Signal
2019/10/09 13:49:00,0,Signal
2019/10/09 13:50:00,3,Signal
2019/10/09 13:51:00,3,Signal
2019/10/09 13:52:00,3,Signal
2019/10/09 13:53:00,3,Signal
2019/10/09 13:54:00,3,Signal
2019/10/09 13:55:00,3,Signal
2019/10/09 13:56:00,3,Signal
2019/10/09 13:57:00,3,Signal
2019/10/09 13:58:00,3,Signal
2019/10/09 13:59:00,3,Signal
2019/10/09 14:00:00,3,Signal
2019/10/09 14:01:00,3,Signal
2019/10/09 14:02:00,3,Signal
2019/10/09 14:03:00,3,Signal
2019/10/09 14:04:00,3,Signal
2019/10/09 14:05:00,3,Signal
2019/10/09 14:06:00,3,Signal
2019/10/09 14:07:00,3,Signal
2019/10/09 14:08:00,3,Signal
2019/10/09 14:09:00,3,Signal
2019/10/09 14:10:00,3,Signal
2019/10/09 14:11:00,3,Signal
2019/10/09 14:12:00,3,Signal
2019/10/09 14:13:00,3,Signal
2019/10/09 14:14:00,3,Signal
2019/10/09 14:15:00,3,Signal
2019/10/09 14:16:00,0,Signal
2019/10/09 14:17:00,0,Signal
2019/10/09 14:18:00,0,Signal
2019/10/09 14:19:00,0,Signal
2019/10/09 14:20:00,3,Signal
2019/10/09 14:21:00,0,Signal
2019/10/09 14:22:00,0,Signal
2019/10/09 14:23:00,0,Signal
2019/10/09 14:24:00,0,Signal
2019/10/09 14:25:00,3,Signal
2019/10/09 14:26:00,0,Signal
2019/10/09 14:27:00,0,Signal
2019/10/09 14:28:00,0,Signal
2019/10/09 14:29:00,0,Signal
2019/10/09 14:30:00,3,Signal
2019/10/09 14:31:00,3,Signal
2019/10/09 14:32:00,3,Signal
2019/10/09 14:33:00,3,Signal
2019/10/09 14:34:00,3,Signal
2019/10/09 14:35:00,3,Signal
2019/10/09 14:36:00,3,Signal
2019/10/09 14:37:00,3,Signal
2019/10/09 14:38:00,3,Signal
2019/10/09 14:39:00,3,Signal
2019/10/09 14:40:00,3,Signal
2019/10/09 14:41:00,3,Signal
2019/10/09 14:42:00,3,Signal
2019/10/09 14:43:00,3,Signal
2019/10/09 14:44:00,3,Signal
2019/10/09 14:45:00,3,Signal
2019/10/09 14:46:00,3,Signal
2019/10/09 14:47:00,3,Signal
2019/10/09 14:48:00,3,Signal
2019/10/09 14:49:00,3,Signal
2019/10/09 14:50:00,3,Signal
2019/10/09 14:51:00,3,Signal
2019/10/09 14:52:00,0,Signal
2019/10/09 14:53:00,0,Signal
2019/10/09 14:54:00,0,Signal
2019/10/09 14:55:00,3,Signal
2019/10/09 14:56:00,0,Signal
2019/10/09 14:57:00,0,Signal
2019/10/09 14:58:00,0,Signal
2019/10/09 14:59:00,0,Signal
2019/10/09 15:00:00,3,Signal
2019/10/09 15:01:00,3,Signal
2019/10/09 15:02:00,3,Signal
2019/10/09 15:03:00,3,Signal
2019/10/09 15:04:00,3,Signal
2019/10/09 15:05:00,3,Signal
2019/10/09 15:06:00,3,Signal
2019/10/09 15:07:00,0,Signal
2019/10/09 15:08:00,0,Signal
2019/10/09 15:09:00,0,Signal
2019/10/09 15:10:00,3,Signal
2019/10/09 15:11:00,3,Signal
2019/10/09 15:12:00,3,Signal
2019/10/09 15:13:00,3,Signal
2019/10/09 15:14:00,3,Signal
2019/10/09 15:15:00,3,Signal
2019/10/09 15:16:00,3,Signal
2019/10/09 15:17:00,3,Signal
2019/10/09 15:18:00,3,Signal
2019/10/09 15:19:00,3,Signal
2019/10/09 15:20:00,3,Signal
2019/10/09 15:21:00,3,Signal
2019/10/09 15:22:00,3,Signal
2019/10/09 15:23:00,3,Signal
2019/10/09 15:24:00,3,Signal
2019/10/09 15:25:00,3,Signal
2019/10/09 15:26:00,3,Signal
2019/10/09 15:27:00,3,Signal
2019/10/09 15:28:00,3,Signal
2019/10/09 15:29:00,3,Signal
2019/10/09 15:30:00,3,Signal
2019/10/09 15:31:00,3,Signal
2019/10/09 15:32:00,3,Signal
2019/10/09 15:33:00,3,Signal
2019/10/09 15:34:00,3,Signal
2019/10/09 15:35:00,3,Signal
2019/10/09 15:36:00,3,Signal
2019/10/09 15:37:00,3,Signal
2019/10/09 15:38:00,3,Signal
2019/10/09 15:39:00,3,Signal
2019/10/09 15:40:00,3,Signal
2019/10/09 15:41:00,3,Signal
2019/10/09 15:42:00,3,Signal
2019/10/09 15:43:00,3,Signal
2019/10/09 15:44:00,3,Signal
2019/10/09 15:45:00,3,Signal
2019/10/09 15:46:00,3,Signal
2019/10/09 15:47:00,3,Signal
2019/10/09 15:48:00,3,Signal
2019/10/09 15:49:00,3,Signal
2019/10/09 15:50:00,3,Signal
2019/10/09 15:51:00,0,Signal
2019/10/09 15:52:00,0,Signal
2019/10/09 15:53:00,0,Signal
2019/10/09 15:54:00,0,Signal
2019/10/09 15:55:00,3,Signal
2019/10/09 15:56:00,0,Signal
2019/10/09 15:57:00,0,Signal
2019/10/09 15:58:00,0,Signal
2019/10/09 15:59:00,0,Signal
2019/10/09 16:00:00,3,Signal
2019/10/09 16:01:00,3,Signal
2019/10/09 16:02:00,3,Signal
2019/10/09 16:03:00,3,Signal
2019/10/09 16:04:00,3,Signal
2019/10/09 16:05:00,3,Signal
2019/10/09 16:06:00,3,Signal
2019/10/09 16:07:00,0,Signal
2019/10/09 16:08:00,0,Signal
2019/10/09 16:09:00,0,Signal
2019/10/09 16:10:00,3,Signal
2019/10/09 16:11:00,3,Signal
2019/10/09 16:12:00,3,Signal
2019/10/09 16:13:00,3,Signal
2019/10/09 16:14:00,3,Signal
2019/10/09 16:15:00,3,Signal
2019/10/09 16:16:00,3,Signal
2019/10/09 16:17:00,3,Signal
2019/10/09 16:18:00,3,Signal
2019/10/09 16:19:00,3,Signal
2019/10/09 16:20:00,3,Signal
2019/10/09 16:21:00,0,Signal
2019/10/09 16:22:00,0,Signal
2019/10/09 16:23:00,0,Signal
2019/10/09 16:24:00,0,Signal
2019/10/09 16:25:00,3,Signal
2019/10/09 16:26:00,3,Signal
2019/10/09 16:27:00,0,Signal
2019/10/09 16:28:00,0,Signal
2019/10/09 16:29:00,0,Signal
2019/10/09 16:30:00,3,Signal
2019/10/09 16:31:00,3,Signal
2019/10/09 16:32:00,0,Signal
2019/10/09 16:33:00,0,Signal
2019/10/09 16:34:00,0,Signal
2019/10/09 16:35:00,3,Signal
2019/10/09 16:36:00,3,Signal
2019/10/09 16:37:00,3,Signal
2019/10/09 16:38:00,3,Signal
2019/10/09 16:39:00,3,Signal
2019/10/09 16:40:00,3,Signal
2019/10/09 16:41:00,3,Signal
2019/10/09 16:42:00,3,Signal
2019/10/09 16:43:00,3,Signal
2019/10/09 16:44:00,3,Signal
2019/10/09 16:45:00,3,Signal
2019/10/09 16:46:00,3,Signal
2019/10/09 16:47:00,3,Signal
2019/10/09 16:48:00,3,Signal
2019/10/09 16:49:00,3,Signal
2019/10/09 16:50:00,3,Signal
2019/10/09 16:51:00,3,Signal
2019/10/09 16:52:00,3,Signal
2019/10/09 16:53:00,3,Signal
2019/10/09 16:54:00,3,Signal
2019/10/09 16:55:00,3,Signal
2019/10/09 16:56:00,3,Signal
2019/10/09 16:57:00,3,Signal
2019/10/09 16:58:00,3,Signal
2019/10/09 16:59:00,3,Signal
2019/10/09 17:00:00,3,Signal
2019/10/09 17:01:00,0,Signal
2019/10/09 17:02:00,0,Signal
2019/10/09 17:03:00,0,Signal
2019/10/09 17:04:00,0,Signal
2019/10/09 17:05:00,3,Signal
2019/10/09 17:06:00,3,Signal
2019/10/09 17:07:00,3,Signal
2019/10/09 17:08:00,3,Signal
2019/10/09 17:09:00,3,Signal
2019/10/09 17:10:00,3,Signal
2019/10/09 17:11:00,3,Signal
2019/10/09 17:12:00,3,Signal
2019/10/09 17:13:00,0,Signal
2019/10/09 17:14:00,0,Signal
2019/10/09 17:15:00,3,Signal
2019/10/09 17:16:00,3,Signal
2019/10/09 17:17:00,3,Signal
2019/10/09 17:18:00,3,Signal
2019/10/09 17:19:00,3,Signal
2019/10/09 17:20:00,3,Signal
2019/10/09 17:21:00,0,Signal
2019/10/09 17:22:00,0,Signal
2019/10/09 17:23:00,0,Signal
2019/10/09 17:24:00,0,Signal
2019/10/09 17:25:00,3,Signal
2019/10/09 17:26:00,3,Signal
2019/10/09 17:27:00,3,Signal
2019/10/09 17:28:00,3,Signal
2019/10/09 17:29:00,3,Signal
2019/10/09 17:30:00,3,Signal
2019/10/09 17:31:00,3,Signal
2019/10/09 17:32:00,0,Signal
2019/10/09 17:33:00,0,Signal
2019/10/09 17:34:00,0,Signal
2019/10/09 17:35:00,3,Signal
2019/10/09 17:36:00,3,Signal
2019/10/09 17:37:00,0,Signal
2019/10/09 17:38:00,0,Signal
2019/10/09 17:39:00,0,Signal
2019/10/09 17:40:00,3,Signal
2019/10/09 17:41:00,3,Signal
2019/10/09 17:42:00,3,Signal
2019/10/09 17:43:00,3,Signal
2019/10/09 17:44:00,3,Signal
2019/10/09 17:45:00,3,Signal
2019/10/09 17:46:00,3,Signal
2019/10/09 17:47:00,3,Signal
2019/10/09 17:48:00,3,Signal
2019/10/09 17:49:00,3,Signal
2019/10/09 17:50:00,3,Signal
2019/10/09 17:51:00,3,Signal
2019/10/09 17:52:00,3,Signal
2019/10/09 17:53:00,3,Signal
2019/10/09 17:54:00,3,Signal
2019/10/09 17:55:00,3,Signal
2019/10/09 17:56:00,0,Signal
2019/10/09 17:57:00,0,Signal
2019/10/09 17:58:00,0,Signal
2019/10/09 17:59:00,0,Signal
2019/10/09 18:00:00,3,Signal
2019/10/09 18:01:00,3,Signal
2019/10/09 18:02:00,3,Signal
2019/10/09 18:03:00,3,Signal
2019/10/09 18:04:00,3,Signal
2019/10/09 18:05:00,3,Signal
2019/10/09 18:06:00,3,Signal
2019/10/09 18:07:00,0,Signal
2019/10/09 18:08:00,0,Signal
2019/10/09 18:09:00,0,Signal
2019/10/09 18:10:00,3,Signal
2019/10/09 18:11:00,3,Signal
2019/10/09 18:12:00,3,Signal
2019/10/09 18:13:00,3,Signal
2019/10/09 18:14:00,3,Signal
2019/10/09 18:15:00,3,Signal
2019/10/09 18:16:00,3,Signal
2019/10/09 18:17:00,3,Signal
2019/10/09 18:18:00,0,Signal
2019/10/09 18:19:00,0,Signal
2019/10/09 18:20:00,3,Signal
2019/10/09 18:21:00,3,Signal
2019/10/09 18:22:00,3,Signal
2019/10/09 18:23:00,3,Signal
2019/10/09 18:24:00,3,Signal
2019/10/09 18:25:00,3,Signal
2019/10/09 18:26:00,0,Signal
2019/10/09 18:27:00,0,Signal
2019/10/09 18:28:00,0,Signal
2019/10/09 18:29:00,0,Signal
2019/10/09 18:30:00,3,Signal
2019/10/09 18:31:00,3,Signal
2019/10/09 18:32:00,0,Signal
2019/10/09 18:33:00,0,Signal
2019/10/09 18:34:00,0,Signal
2019/10/09 18:35:00,3,Signal
2019/10/09 18:36:00,0,Signal
2019/10/09 18:37:00,0,Signal
2019/10/09 18:38:00,0,Signal
2019/10/09 18:39:00,0,Signal
2019/10/09 18:40:00,3,Signal
2019/10/09 18:41:00,3,Signal
2019/10/09 18:42:00,3,Signal
2019/10/09 18:43:00,0,Signal
2019/10/09 18:44:00,0,Signal
2019/10/09 18:45:00,3,Signal
2019/10/09 18:46:00,0,Signal
2019/10/09 18:47:00,0,Signal
2019/10/09 18:48:00,0,Signal
2019/10/09 18:49:00,0,Signal
2019/10/09 18:50:00,3,Signal
2019/10/09 18:51:00,3,Signal
2019/10/09 18:52:00,3,Signal
2019/10/09 18:53:00,3,Signal
2019/10/09 18:54:00,3,Signal
2019/10/09 18:55:00,3,Signal
2019/10/09 18:56:00,3,Signal
2019/10/09 18:57:00,3,Signal
2019/10/09 18:58:00,3,Signal
2019/10/09 18:59:00,3,Signal
2019/10/09 19:00:00,3,Signal
2019/10/09 19:01:00,0,Signal
2019/10/09 19:02:00,0,Signal
2019/10/09 19:03:00,0,Signal
2019/10/09 19:04:00,0,Signal
2019/10/09 19:05:00,3,Signal
2019/10/09 19:06:00,0,Signal
2019/10/09 19:07:00,0,Signal
2019/10/09 19:08:00,0,Signal
2019/10/09 19:09:00,0,Signal
2019/10/09 19:10:00,3,Signal
2019/10/09 19:11:00,3,Signal
2019/10/09 19:12:00,3,Signal
2019/10/09 19:13:00,3,Signal
2019/10/09 19:14:00,0,Signal
2019/10/09 19:15:00,3,Signal
2019/10/09 19:16:00,0,Signal
2019/10/09 19:17:00,0,Signal
2019/10/09 19:18:00,0,Signal
2019/10/09 19:19:00,0,Signal
2019/10/09 19:20:00,3,Signal
2019/10/09 19:21:00,3,Signal
2019/10/09 19:22:00,3,Signal
2019/10/09 19:23:00,3,Signal
2019/10/09 19:24:00,3,Signal
2019/10/09 19:25:00,3,Signal
2019/10/09 19:26:00,3,Signal
2019/10/09 19:27:00,3,Signal
2019/10/09 19:28:00,0,Signal
2019/10/09 19:29:00,0,Signal
2019/10/09 19:30:00,3,Signal
2019/10/09 19:31:00,3,Signal
2019/10/09 19:32:00,3,Signal
2019/10/09 19:33:00,3,Signal
2019/10/09 19:34:00,3,Signal
2019/10/09 19:35:00,3,Signal
2019/10/09 19:36:00,0,Signal
2019/10/09 19:37:00,0,Signal
2019/10/09 19:38:00,0,Signal
2019/10/09 19:39:00,0,Signal
2019/10/09 19:40:00,3,Signal
2019/10/09 19:41:00,3,Signal
2019/10/09 19:42:00,3,Signal
2019/10/09 19:43:00,0,Signal
2019/10/09 19:44:00,0,Signal
2019/10/09 19:45:00,3,Signal
2019/10/09 19:46:00,3,Signal
2019/10/09 19:47:00,3,Signal
2019/10/09 19:48:00,0,Signal
2019/10/09 19:49:00,0,Signal
2019/10/09 19:50:00,3,Signal
2019/10/09 19:51:00,3,Signal
2019/10/09 19:52:00,3,Signal
2019/10/09 19:53:00,0,Signal
2019/10/09 19:54:00,0,Signal
2019/10/09 19:55:00,3,Signal
2019/10/09 19:56:00,0,Signal
2019/10/09 19:57:00,0,Signal
2019/10/09 19:58:00,0,Signal
2019/10/09 19:59:00,0,Signal
2019/10/09 20:00:00,3,Signal
2019/10/09 20:01:00,0,Signal
2019/10/09 20:02:00,0,Signal
2019/10/09 20:03:00,0,Signal
2019/10/09 20:04:00,0,Signal
2019/10/09 20:05:00,3,Signal
2019/10/09 20:06:00,3,Signal
2019/10/09 20:07:00,3,Signal
2019/10/09 20:08:00,3,Signal
2019/10/09 20:09:00,3,Signal
2019/10/09 20:10:00,3,Signal
2019/10/09 20:11:00,3,Signal
2019/10/09 20:12:00,3,Signal
2019/10/09 20:13:00,3,Signal
2019/10/09 20:14:00,3,Signal
2019/10/09 20:15:00,3,Signal
2019/10/09 20:16:00,3,Signal
2019/10/09 20:17:00,3,Signal
2019/10/09 20:18:00,3,Signal
2019/10/09 20:19:00,3,Signal
2019/10/09 20:20:00,3,Signal
2019/10/09 20:21:00,3,Signal
2019/10/09 20:22:00,3,Signal
2019/10/09 20:23:00,3,Signal
2019/10/09 20:24:00,3,Signal
2019/10/09 20:25:00,3,Signal
2019/10/09 20:26:00,3,Signal
2019/10/09 20:27:00,3,Signal
2019/10/09 20:28:00,3,Signal
2019/10/09 20:29:00,3,Signal
2019/10/09 20:30:00,3,Signal
2019/10/09 20:31:00,3,Signal
2019/10/09 20:32:00,3,Signal
2019/10/09 20:33:00,3,Signal
2019/10/09 20:34:00,0,Signal
2019/10/09 20:35:00,3,Signal
2019/10/09 20:36:00,3,Signal
2019/10/09 20:37:00,3,Signal
2019/10/09 20:38:00,3,Signal
2019/10/09 20:39:00,3,Signal
2019/10/09 20:40:00,3,Signal
2019/10/09 20:41:00,3,Signal
2019/10/09 20:42:00,3,Signal
2019/10/09 20:43:00,3,Signal
2019/10/09 20:44:00,3,Signal
2019/10/09 20:45:00,3,Signal
2019/10/09 20:46:00,3,Signal
2019/10/09 20:47:00,0,Signal
2019/10/09 20:48:00,0,Signal
2019/10/09 20:49:00,0,Signal
2019/10/09 20:50:00,3,Signal
2019/10/09 20:51:00,0,Signal
2019/10/09 20:52:00,0,Signal
2019/10/09 20:53:00,0,Signal
2019/10/09 20:54:00,0,Signal
2019/10/09 20:55:00,3,Signal
2019/10/09 20:56:00,3,Signal
2019/10/09 20:57:00,3,Signal
2019/10/09 20:58:00,3,Signal
2019/10/09 20:59:00,3,Signal
2019/10/09 21:00:00,3,Signal
2019/10/09 21:01:00,0,Signal
2019/10/09 21:02:00,0,Signal
2019/10/09 21:03:00,0,Signal
2019/10/09 21:04:00,0,Signal
2019/10/09 21:05:00,3,Signal
2019/10/09 21:06:00,3,Signal
2019/10/09 21:07:00,3,Signal
2019/10/09 21:08:00,3,Signal
2019/10/09 21:09:00,3,Signal
2019/10/09 21:10:00,3,Signal
2019/10/09 21:11:00,3,Signal
2019/10/09 21:12:00,3,Signal
2019/10/09 21:13:00,3,Signal
2019/10/09 21:14:00,3,Signal
2019/10/09 21:15:00,3,Signal
2019/10/09 21:16:00,3,Signal
2019/10/09 21:17:00,0,Signal
2019/10/09 21:18:00,0,Signal
2019/10/09 21:19:00,0,Signal
2019/10/09 21:20:00,3,Signal
2019/10/09 21:21:00,0,Signal
2019/10/09 21:22:00,0,Signal
2019/10/09 21:23:00,0,Signal
2019/10/09 21:24:00,0,Signal
2019/10/09 21:25:00,3,Signal
2019/10/09 21:26:00,3,Signal
2019/10/09 21:27:00,3,Signal
2019/10/09 21:28:00,3,Signal
2019/10/09 21:29:00,3,Signal
2019/10/09 21:30:00,3,Signal
2019/10/09 21:31:00,3,Signal
2019/10/09 21:32:00,3,Signal
2019/10/09 21:33:00,3,Signal
2019/10/09 21:34:00,3,Signal
2019/10/09 21:35:00,3,Signal
2019/10/09 21:36:00,3,Signal
2019/10/09 21:37:00,3,Signal
2019/10/09 21:38:00,3,Signal
2019/10/09 21:39:00,3,Signal
2019/10/09 21:40:00,3,Signal
2019/10/09 21:41:00,3,Signal
2019/10/09 21:42:00,3,Signal
2019/10/09 21:43:00,3,Signal
2019/10/09 21:44:00,3,Signal
2019/10/09 21:45:00,3,Signal
2019/10/09 21:46:00,3,Signal
2019/10/09 21:47:00,3,Signal
2019/10/09 21:48:00,0,Signal
2019/10/09 21:49:00,0,Signal
2019/10/09 21:50:00,3,Signal
2019/10/09 21:51:00,3,Signal
2019/10/09 21:52:00,3,Signal
2019/10/09 21:53:00,3,Signal
2019/10/09 21:54:00,0,Signal
2019/10/09 21:55:00,3,Signal
2019/10/09 21:56:00,3,Signal
2019/10/09 21:57:00,3,Signal
2019/10/09 21:58:00,3,Signal
2019/10/09 21:59:00,3,Signal
2019/10/09 22:00:00,3,Signal
2019/10/09 22:01:00,3,Signal
2019/10/09 22:02:00,3,Signal
2019/10/09 22:03:00,3,Signal
2019/10/09 22:04:00,3,Signal
2019/10/09 22:05:00,3,Signal
2019/10/09 22:06:00,3,Signal
2019/10/09 22:07:00,3,Signal
2019/10/09 22:08:00,3,Signal
2019/10/09 22:09:00,3,Signal
2019/10/09 22:10:00,3,Signal
2019/10/09 22:11:00,3,Signal
2019/10/09 22:12:00,3,Signal
2019/10/09 22:13:00,3,Signal
2019/10/09 22:14:00,3,Signal
2019/10/09 22:15:00,3,Signal
2019/10/09 22:16:00,3,Signal
2019/10/09 22:17:00,3,Signal
2019/10/09 22:18:00,3,Signal
2019/10/09 22:19:00,3,Signal
2019/10/09 22:20:00,3,Signal
2019/10/09 22:21:00,3,Signal
2019/10/09 22:22:00,3,Signal
2019/10/09 22:23:00,3,Signal
2019/10/09 22:24:00,0,Signal
2019/10/09 22:25:00,3,Signal
2019/10/09 22:26:00,0,Signal
2019/10/09 22:27:00,0,Signal
2019/10/09 22:28:00,0,Signal
2019/10/09 22:29:00,0,Signal
2019/10/09 22:30:00,3,Signal
2019/10/09 22:31:00,0,Signal
2019/10/09 22:32:00,0,Signal
2019/10/09 22:33:00,0,Signal
2019/10/09 22:34:00,0,Signal
2019/10/09 22:35:00,3,Signal
2019/10/09 22:36:00,0,Signal
2019/10/09 22:37:00,0,Signal
2019/10/09 22:38:00,0,Signal
2019/10/09 22:39:00,0,Signal
2019/10/09 22:40:00,3,Signal
2019/10/09 22:41:00,3,Signal
2019/10/09 22:42:00,3,Signal
2019/10/09 22:43:00,3,Signal
2019/10/09 22:44:00,3,Signal
2019/10/09 22:45:00,3,Signal
2019/10/09 22:46:00,3,Signal
2019/10/09 22:47:00,3,Signal
2019/10/09 22:48:00,3,Signal
2019/10/09 22:49:00,3,Signal
2019/10/09 22:50:00,3,Signal
2019/10/09 22:51:00,0,Signal
2019/10/09 22:52:00,0,Signal
2019/10/09 22:53:00,0,Signal
2019/10/09 22:54:00,0,Signal
2019/10/09 22:55:00,3,Signal
2019/10/09 22:56:00,0,Signal
2019/10/09 22:57:00,0,Signal
2019/10/09 22:58:00,0,Signal
2019/10/09 22:59:00,0,Signal
2019/10/09 23:00:00,3,Signal
2019/10/09 23:01:00,3,Signal
2019/10/09 23:02:00,3,Signal
2019/10/09 23:03:00,3,Signal
2019/10/09 23:04:00,3,Signal
2019/10/09 23:05:00,3,Signal
2019/10/09 23:06:00,3,Signal
2019/10/09 23:07:00,3,Signal
2019/10/09 23:08:00,3,Signal
2019/10/09 23:09:00,3,Signal
2019/10/09 23:10:00,3,Signal
2019/10/09 23:11:00,0,Signal
2019/10/09 23:12:00,0,Signal
2019/10/09 23:13:00,0,Signal
2019/10/09 23:14:00,0,Signal
2019/10/09 23:15:00,3,Signal
2019/10/09 23:16:00,3,Signal
2019/10/09 23:17:00,3,Signal
2019/10/09 23:18:00,3,Signal
2019/10/09 23:19:00,0,Signal
2019/10/09 23:20:00,3,Signal
2019/10/09 23:21:00,3,Signal
2019/10/09 23:22:00,3,Signal
2019/10/09 23:23:00,3,Signal
2019/10/09 23:24:00,3,Signal
2019/10/09 23:25:00,3,Signal
2019/10/09 23:26:00,3,Signal
2019/10/09 23:27:00,3,Signal
2019/10/09 23:28:00,3,Signal
2019/10/09 23:29:00,3,Signal
2019/10/09 23:30:00,3,Signal
2019/10/09 23:31:00,0,Signal
2019/10/09 23:32:00,0,Signal
2019/10/09 23:33:00,0,Signal
2019/10/09 23:34:00,0,Signal
2019/10/09 23:35:00,3,Signal
2019/10/09 23:36:00,3,Signal
2019/10/09 23:37:00,3,Signal
2019/10/09 23:38:00,3,Signal
2019/10/09 23:39:00,3,Signal
2019/10/09 23:40:00,3,Signal
2019/10/09 23:41:00,0,Signal
2019/10/09 23:42:00,0,Signal
2019/10/09 23:43:00,0,Signal
2019/10/09 23:44:00,0,Signal
2019/10/09 23:45:00,3,Signal
2019/10/09 23:46:00,3,Signal
2019/10/09 23:47:00,3,Signal
2019/10/09 23:48:00,3,Signal
2019/10/09 23:49:00,3,Signal
2019/10/09 23:50:00,3,Signal
2019/10/09 23:51:00,0,Signal
2019/10/09 23:52:00,0,Signal
2019/10/09 23:53:00,0,Signal
2019/10/09 23:54:00,0,Signal
2019/10/09 23:55:00,3,Signal
2019/10/09 23:56:00,0,Signal
2019/10/09 23:57:00,0,Signal
2019/10/09 23:58:00,0,Signal
2019/10/09 23:59:00,0,Signal
